Cadence Genus(TM) Synthesis Solution.
Copyright 2022 Cadence Design Systems, Inc. All rights reserved worldwide.
Cadence and the Cadence logo are registered trademarks and Genus is a trademark
of Cadence Design Systems, Inc. in the United States and other countries.

[11:42:04.465762] Configured Lic search path (21.01-s002): 5280@14.139.1.126:36162@14.139.1.126

Version: 21.14-s082_1, built Thu Jun 23 11:32:08 PDT 2022
Options: 
Date:    Tue Sep 29 11:42:04 2026
Host:    eevlsidtlab026.ksrct.ac.in (x86_64 w/Linux 4.18.0-553.77.1.el8_10.x86_64) (1core*20cpus*1physical cpu*Intel(R) Core(TM) Ultra 7 265K 30720KB) (31976244KB)
PID:     401969
OS:      Rocky Linux release 8.10 (Green Obsidian)

WARNING:Hostname to IPv4 and IPv6 address lookup failed for the host cadence-c2s
WARNING:Hostname to IPv4 and IPv6 address lookup failed for the host cadence-c2s
Checkout succeeded: Genus_Synthesis/3FFB3787901511A9760E
	License file: 5280@14.139.1.126
	License Server: 5280@14.139.1.126

[11:42:09.236403] Periodic Lic check successful
[11:42:09.236403] Feature usage summary:
[11:42:09.236403] Genus_Synthesis
Checking out license: Genus_Synthesis (5 seconds elapsed).


***********************************************************************************************************
***********************************************************************************************************



Loading tool scripts...WARNING:Hostname to IPv4 and IPv6 address lookup failed for the host cadence-c2s

Finished loading tool scripts (4 seconds elapsed).

WARNING: This version of the tool is 1558 days old.
@genus:root: 1> source synth.tcl
Sourcing './synth.tcl' (Tue Sep 29 11:43:28 EDT 2026)...
#@ Begin verbose source ./synth.tcl
@file(synth.tcl) 6: set_db max_cpus_per_server 4
  Setting attribute of root '/': 'max_cpus_per_server' = 4
@file(synth.tcl) 11: set SCRIPT_DIR    "/home/user26/shanmugavel/wrk/alu_4bit/synth"
@file(synth.tcl) 12: set PRJ_ROOT      "/home/user26/shanmugavel/wrk/alu_4bit"
@file(synth.tcl) 14: set DESIGN_NAME   "alu_4bit"
@file(synth.tcl) 15: set RTL_FILE      "${PRJ_ROOT}/rtl/alu.v"
@file(synth.tcl) 16: set SDC_FILE      "${SCRIPT_DIR}/alu.sdc"
@file(synth.tcl) 19: set LIB_DIR       "/home/user26/GPDK/gpdk45nm_E/gsclib045_all_v4.8/gsclib045/timing"
@file(synth.tcl) 22: set REPORT_DIR    "${SCRIPT_DIR}/reports"
@file(synth.tcl) 23: set OUTPUT_DIR    "${SCRIPT_DIR}/outputs"
@file(synth.tcl) 25: file mkdir $REPORT_DIR
@file(synth.tcl) 26: file mkdir $OUTPUT_DIR
@file(synth.tcl) 31: set_db init_lib_search_path [list "$LIB_DIR"]
  Setting attribute of root '/': 'init_lib_search_path' = /home/user26/GPDK/gpdk45nm_E/gsclib045_all_v4.8/gsclib045/timing
@file(synth.tcl) 34: set_db library [list "slow_vdd1v2_basicCells.lib" "slow_vdd1v2_multibitsDFF.lib"]

Threads Configured:4

Reading library /home/user26/GPDK/gpdk45nm_E/gsclib045_all_v4.8/gsclib045/timing/slow_vdd1v2_multibitsDFF.lib
  Message Summary for Library both libraries:
  *******************************************
  Missing a function attribute in the output pin definition. [LBR-518]: 49
  Appending library. [LBR-3]: 1
  *******************************************
 
Info    : Created nominal operating condition. [LBR-412]
        : Operating condition '_nominal_' was created for the PVT values (1.000000, 1.080000, 125.000000) in library 'slow_vdd1v2_multibitsDFF.lib'.
        : The nominal operating condition is represented, either by the nominal PVT values specified in the library source (via nom_process,nom_voltage and nom_temperature respectively), or by the default PVT values (1.0,1.0,1.0).
Warning : Library cell has no output pins defined. [LBR-9]
        : Library cell 'ANTENNA' must have an output pin.
        : Add the missing output pin(s), then reload the library. Else the library cell will be marked as timing model i.e. unusable. Timing_model means that the cell does not have any defined function. If there is no output pin, Genus will mark library cell as unusable i.e. the attribute 'usable' will be marked to 'false' on the libcell. Therefore, the cell is not used for mapping and it will not be picked up from the library for synthesis. If you query the attribute 'unusable_reason' on the libcell; result will be: 'Library cell has no output pins.'Note: The message LBR-9 is only for the logical pins and not for the power_ground pins. Genus will depend upon the output function defined in the pin group (output pin) of the cell, to use it for mapping. The pg_pin will not have any function defined.
Warning : Library cell has no output pins defined. [LBR-9]
        : Library cell 'ANTENNA' must have an output pin.
Warning : Library cell has no output pins defined. [LBR-9]
        : Library cell 'DECAP10' must have an output pin.
Warning : Library cell has no output pins defined. [LBR-9]
        : Library cell 'DECAP10' must have an output pin.
Warning : Library cell has no output pins defined. [LBR-9]
        : Library cell 'DECAP2' must have an output pin.
Warning : Library cell has no output pins defined. [LBR-9]
        : Library cell 'DECAP2' must have an output pin.
Warning : Library cell has no output pins defined. [LBR-9]
        : Library cell 'DECAP3' must have an output pin.
Warning : Library cell has no output pins defined. [LBR-9]
        : Library cell 'DECAP3' must have an output pin.
Warning : Library cell has no output pins defined. [LBR-9]
        : Library cell 'DECAP4' must have an output pin.
Warning : Library cell has no output pins defined. [LBR-9]
        : Library cell 'DECAP4' must have an output pin.
Warning : Library cell has no output pins defined. [LBR-9]
        : Library cell 'DECAP5' must have an output pin.
Warning : Library cell has no output pins defined. [LBR-9]
        : Library cell 'DECAP5' must have an output pin.
Warning : Library cell has no output pins defined. [LBR-9]
        : Library cell 'DECAP6' must have an output pin.
Warning : Library cell has no output pins defined. [LBR-9]
        : Library cell 'DECAP6' must have an output pin.
Warning : Library cell has no output pins defined. [LBR-9]
        : Library cell 'DECAP7' must have an output pin.
Warning : Library cell has no output pins defined. [LBR-9]
        : Library cell 'DECAP7' must have an output pin.
Warning : Library cell has no output pins defined. [LBR-9]
        : Library cell 'DECAP8' must have an output pin.
Warning : Library cell has no output pins defined. [LBR-9]
        : Library cell 'DECAP8' must have an output pin.
Warning : Library cell has no output pins defined. [LBR-9]
        : Library cell 'DECAP9' must have an output pin.
Warning : Library cell has no output pins defined. [LBR-9]
        : Library cell 'DECAP9' must have an output pin.
  Setting attribute of root '/': 'library' = slow_vdd1v2_basicCells.lib slow_vdd1v2_multibitsDFF.lib
@file(synth.tcl) 39: read_hdl -v2001 $RTL_FILE
@file(synth.tcl) 41: elaborate $DESIGN_NAME
  Library has 324 usable logic and 128 usable sequential lib-cells.
Info    : Elaborating Design. [ELAB-1]
        : Elaborating top-level block 'alu_4bit' from file '/home/user26/shanmugavel/wrk/alu_4bit/rtl/alu.v'.
Warning : Unreachable statements for case item. [CDFG-472]
        : Case item 'default' in module 'alu_4bit' in file '/home/user26/shanmugavel/wrk/alu_4bit/rtl/alu.v' on line 38.
Info    : Done Elaborating Design. [ELAB-3]
        : Done elaborating 'alu_4bit'.
Checking for analog nets...
Check completed for analog nets.
Checking for source RTL...
Check completed for source RTL.
Running Unified Mux Engine Tricks...
Completed Unified Mux Engine Tricks

Stage: post_elab
--------------------------------------------------------
| Trick             | Accepts | Rejects | Runtime (ms) | 
--------------------------------------------------------
| ume_constant_bmux |       0 |       0 |         0.00 | 
--------------------------------------------------------
Starting clip mux common data inputs [v1.0] (stage: post_elab, startdef: alu_4bit, recur: true)
Completed clip mux common data inputs (accepts: 0, rejects: 0, runtime: 0.000s)
Starting clip the non-user hierarchies [v2.0] (stage: post_elab, startdef: alu_4bit, recur: true)
Completed clip the non-user hierarchies (accepts: 0, rejects: 0, runtime: 0.000s)

Stage: post_elab
---------------------------------------------------------
| Transform          | Accepts | Rejects | Runtime (ms) | 
---------------------------------------------------------
| hlo_clip_mux_input |       0 |       0 |         0.00 | 
| hlo_clip           |       0 |       0 |         0.00 | 
---------------------------------------------------------
UM:   flow.cputime  flow.realtime  timing.setup.tns  timing.setup.wns  snapshot
UM:*                                                                   elaborate
@file(synth.tcl) 43: check_design -unresolved > ${REPORT_DIR}/${DESIGN_NAME}_unresolved.rpt

@file(synth.tcl) 48: read_sdc $SDC_FILE
Warning : Unsupported SDC command option. [SDC-201] [set_units]
        : The 'set_units' command on line '4' in the SDC file '/home/user26/shanmugavel/wrk/alu_4bit/synth/alu.sdc' does not support the  '-resistance', '-voltage', '-current' and the '-power' options.
        : The current version does not support this SDC command option.  However, future versions may be enhanced to support this option.
Statistics for commands executed by read_sdc:
 "all_inputs"               - successful      1 , failed      0 (runtime  0.00)
 "all_outputs"              - successful      3 , failed      0 (runtime  0.00)
 "create_clock"             - successful      1 , failed      0 (runtime  0.00)
 "current_design"           - successful      2 , failed      0 (runtime  0.00)
 "get_clocks"               - successful      3 , failed      0 (runtime  0.00)
 "get_ports"                - successful      3 , failed      0 (runtime  0.00)
 "remove_from_collection"   - successful      1 , failed      0 (runtime  0.00)
 "set_clock_transition"     - successful      1 , failed      0 (runtime  0.00)
 "set_clock_uncertainty"    - successful      2 , failed      0 (runtime  0.00)
 "set_false_path"           - successful      1 , failed      0 (runtime  0.00)
 "set_input_delay"          - successful      2 , failed      0 (runtime  0.00)
 "set_input_transition"     - successful      1 , failed      0 (runtime  0.00)
 "set_load"                 - successful      1 , failed      0 (runtime  0.00)
 "set_max_fanout"           - successful      1 , failed      0 (runtime  0.00)
 "set_max_transition"       - successful      1 , failed      0 (runtime  0.00)
 "set_output_delay"         - successful      2 , failed      0 (runtime  0.00)
 "set_units"                - successful      1 , failed      0 (runtime  0.00)
read_sdc completed in 00:00:00 (hh:mm:ss)
@file(synth.tcl) 50: check_timing_intent > ${REPORT_DIR}/${DESIGN_NAME}_check_timing.rpt
@file(synth.tcl) 55: syn_generic

Stage: pre_early_cg
------------------------------------------------
| Transform | Accepts | Rejects | Runtime (ms) | 
------------------------------------------------
------------------------------------------------
##Generic Timing Info for library domain: _default_ typical gate delay: 71.2 ps std_slew: 11.9 ps std_load: 1.0 fF
Starting mux data reorder optimization [v1.0] (stage: pre_to_gen_setup, startdef: alu_4bit, recur: true)
Completed mux data reorder optimization (accepts: 0, rejects: 0, runtime: 0.000s)

Stage: pre_to_gen_setup
------------------------------------------------------
| Transform       | Accepts | Rejects | Runtime (ms) | 
------------------------------------------------------
| hlo_mux_reorder |       0 |       0 |         0.00 | 
------------------------------------------------------
Info    : Synthesizing. [SYNTH-1]
        : Synthesizing 'alu_4bit' to generic gates using 'medium' effort.
PBS_Generic-Start - Elapsed_Time 0, CPU_Time 0.0
stamp 'PBS_Generic-Start' being created for table 'pbs_debug'

  Total Time (Wall) |  Stage Time (Wall)  |   % (Wall)   |    Date - Time     |  Memory   | Stage
--------------------+---------------------+--------------+--------------------+-----------+----------------------
 00:00:05(00:01:17) |  00:00:00(00:00:00) |   0.0(  0.0) |   11:43:28 (Sep29) |  355.5 MB | PBS_Generic-Start
--------------------+---------------------+--------------+--------------------+-----------+----------------------
Number of threads: 4 * 1   (id: pbs_debug, time_info v1.57)
Info: (*N*) indicates data that was populated from previously saved time_info database
Info: CPU time includes time of parent + longest thread
TNS Restructuring config: no_value at stage: generic applied.
Info    : Partition Based Synthesis execution skipped. [PHYS-752]
        : Design size is less than the partition size '100000' for distributed generic optimization to kick in.
Starting mux data reorder optimization [v1.0] (stage: pre_to_gen_setup, startdef: alu_4bit, recur: true)
Completed mux data reorder optimization (accepts: 0, rejects: 0, runtime: 0.000s)

Stage: pre_to_gen_setup
------------------------------------------------------
| Transform       | Accepts | Rejects | Runtime (ms) | 
------------------------------------------------------
| hlo_mux_reorder |       0 |       0 |         0.00 | 
------------------------------------------------------
Starting mux data reorder optimization [v1.0] (stage: post_to_gen_setup, startdef: alu_4bit, recur: true)
Completed mux data reorder optimization (accepts: 0, rejects: 0, runtime: 0.000s)

Stage: post_to_gen_setup
------------------------------------------------------
| Transform       | Accepts | Rejects | Runtime (ms) | 
------------------------------------------------------
| hlo_mux_reorder |       0 |       0 |         0.00 | 
------------------------------------------------------
Running Unified Mux Engine Tricks...
Completed Unified Mux Engine Tricks

Stage: pre_hlo_rtlopt
--------------------------------------------
| Trick | Accepts | Rejects | Runtime (ms) | 
--------------------------------------------
--------------------------------------------
Starting infer macro optimization [v1.0] (stage: pre_rtlopt, startdef: alu_4bit, recur: true)
Completed infer macro optimization (accepts: 0, rejects: 0, runtime: 0.000s)
Starting decode mux sandwich optimization [v2.0] (stage: pre_rtlopt, startdef: alu_4bit, recur: true)
Completed decode mux sandwich optimization (accepts: 0, rejects: 0, runtime: 0.000s)
Starting decode mux optimization [v1.0] (stage: pre_rtlopt, startdef: alu_4bit, recur: true)
Completed decode mux optimization (accepts: 0, rejects: 0, runtime: 0.000s)
Starting chop wide muxes [v1.0] (stage: pre_rtlopt, startdef: alu_4bit, recur: true)
Completed chop wide muxes (accepts: 0, rejects: 0, runtime: 0.000s)
Starting common data mux cascade opt [v1.0] (stage: pre_rtlopt, startdef: alu_4bit, recur: true)
Completed common data mux cascade opt (accepts: 0, rejects: 0, runtime: 0.000s)
Starting mux input consolidation [v1.0] (stage: pre_rtlopt, startdef: alu_4bit, recur: true)
Completed mux input consolidation (accepts: 0, rejects: 0, runtime: 0.000s)
Starting constant-data mux optimization [v1.0] (stage: pre_rtlopt, startdef: alu_4bit, recur: true)
Completed constant-data mux optimization (accepts: 0, rejects: 0, runtime: 0.000s)
Starting chain-to-tree inequality transform [v2.0] (stage: pre_rtlopt, startdef: alu_4bit, recur: true)
Completed chain-to-tree inequality transform (accepts: 0, rejects: 0, runtime: 0.000s)
Starting reconvergence optimization [v1.0] (stage: pre_rtlopt, startdef: alu_4bit, recur: true)
Completed reconvergence optimization (accepts: 0, rejects: 0, runtime: 0.000s)
Starting logic restructure optimization [v1.0] (stage: pre_rtlopt, startdef: alu_4bit, recur: true)
Completed logic restructure optimization (accepts: 0, rejects: 0, runtime: 0.000s)
Starting common select mux optimization [v1.0] (stage: pre_rtlopt, startdef: alu_4bit, recur: true)
Completed common select mux optimization (accepts: 0, rejects: 0, runtime: 0.000s)
Starting identity transform [v3.0] (stage: pre_rtlopt, startdef: alu_4bit, recur: true)
Completed identity transform (accepts: 0, rejects: 0, runtime: 0.000s)
Starting reduce operator chain [v1.0] (stage: pre_rtlopt, startdef: alu_4bit, recur: true)
Completed reduce operator chain (accepts: 0, rejects: 0, runtime: 0.000s)
Starting common data mux cascade opt [v1.0] (stage: pre_rtlopt, startdef: alu_4bit, recur: true)
Completed common data mux cascade opt (accepts: 0, rejects: 0, runtime: 0.000s)
Starting mux input consolidation [v1.0] (stage: pre_rtlopt, startdef: alu_4bit, recur: true)
Completed mux input consolidation (accepts: 0, rejects: 0, runtime: 0.000s)
Starting optimize datapath elements [v1.0] (stage: pre_rtlopt, startdef: alu_4bit, recur: true)
Completed optimize datapath elements (accepts: 0, rejects: 0, runtime: 0.000s)
Starting datapath recasting [v1.0] (stage: pre_rtlopt, startdef: alu_4bit, recur: true)
Completed datapath recasting (accepts: 0, rejects: 0, runtime: 0.000s)
Starting clip mux common data inputs [v1.0] (stage: pre_rtlopt, startdef: alu_4bit, recur: true)
Completed clip mux common data inputs (accepts: 0, rejects: 0, runtime: 0.000s)
Starting clip the non-user hierarchies [v2.0] (stage: pre_rtlopt, startdef: alu_4bit, recur: true)
Completed clip the non-user hierarchies (accepts: 0, rejects: 0, runtime: 0.000s)

Stage: pre_rtlopt
----------------------------------------------------------------
| Transform                 | Accepts | Rejects | Runtime (ms) | 
----------------------------------------------------------------
| hlo_infer_macro           |       0 |       0 |         0.00 | 
| hlo_decode_mux_sandwich   |       0 |       0 |         0.00 | 
| hlo_mux_decode            |       0 |       0 |         0.00 | 
| hlo_chop_mux              |       0 |       0 |         0.00 | 
| hlo_mux_cascade_opt       |       0 |       0 |         0.00 | 
| hlo_mux_consolidation     |       0 |       0 |         0.00 | 
| hlo_constant_mux_opt      |       0 |       0 |         0.00 | 
| hlo_inequality_transform  |       0 |       0 |         0.00 | 
| hlo_reconv_opt            |       0 |       0 |         0.00 | 
| hlo_restructure           |       0 |       0 |         0.00 | 
| hlo_common_select_muxopto |       0 |       0 |         0.00 | 
| hlo_identity_transform    |       0 |       0 |         0.00 | 
| hlo_reduce_operator_chain |       0 |       0 |         0.00 | 
| hlo_mux_cascade_opt       |       0 |       0 |         0.00 | 
| hlo_mux_consolidation     |       0 |       0 |         0.00 | 
| hlo_optimize_datapath     |       0 |       0 |         0.00 | 
| hlo_datapath_recast       |       0 |       0 |         0.00 | 
| hlo_clip_mux_input        |       0 |       0 |         0.00 | 
| hlo_clip                  |       0 |       0 |         0.00 | 
----------------------------------------------------------------
Running Unified Mux Engine Tricks...
Completed Unified Mux Engine Tricks

Stage: post_hlo_rtlopt
--------------------------------------------------
| Trick       | Accepts | Rejects | Runtime (ms) | 
--------------------------------------------------
| ume_runtime |       0 |       0 |         0.00 | 
--------------------------------------------------
Number of big hc bmuxes before = 0
Info    : Pre-processed datapath logic. [DPOPT-6]
        : No pre-processing optimizations applied to datapath logic in 'alu_4bit'.
Info    : Optimizing datapath logic. [DPOPT-1]
        : Optimizing datapath logic in 'alu_4bit'.
Info    : Implementing datapath configurations. [DPOPT-3]
        : Implementing datapath configurations for 'CDN_DP_region_0_0'
CSAGen Prep Share:0 Re-Write:0 Speculation: 0
MaxCSA: Successfully built Maximal CSA Expression Expr0
Info    : Accepted resource sharing opportunity. [RTLOPT-30]
        : Merged the following sets of instances in 'CDN_DP_region_0_0_c7 in alu_4bit':
	  (SUB_TC_OP, ADD_TC_OP)

Info    : Accepted resource sharing opportunity. [RTLOPT-30]
        : Merged the following sets of instances in 'CDN_DP_region_0_0_c1 in alu_4bit':
	  (sub_40_49, add_39_49)

Info    : Accepted resource sharing opportunity. [RTLOPT-30]
        : Merged the following sets of instances in 'CDN_DP_region_0_0_c2 in alu_4bit':
	  (sub_40_49, add_39_49)

Info    : Accepted resource sharing opportunity. [RTLOPT-30]
        : Merged the following sets of instances in 'CDN_DP_region_0_0_c3 in alu_4bit':
	  (sub_40_49, add_39_49)

Info    : Accepted resource sharing opportunity. [RTLOPT-30]
        : Merged the following sets of instances in 'CDN_DP_region_0_0_c4 in alu_4bit':
	  (sub_40_49, add_39_49)

Info    : Accepted resource sharing opportunity. [RTLOPT-30]
        : Merged the following sets of instances in 'CDN_DP_region_0_0_c5 in alu_4bit':
	  (sub_40_49, add_39_49)

Info    : Accepted resource sharing opportunity. [RTLOPT-30]
        : Merged the following sets of instances in 'CDN_DP_region_0_0_c6 in alu_4bit':
	  (sub_40_49, add_39_49)

CDN_DP_region_0_0 level = 0 loads = 0 drivers = 0
CDN_DP_region_0_0_c0 in alu_4bit: area: 324319950 ,dp = 7 mux = 1 sg = slow         worst_clk_period: -1.0000 
    wns: 0  norm_wns:  -1.0000 
    fail_endp: -1 
    tns:  0  tns_per_endp:  -1.0000   norm_tns_per_endp:  -1.0000 
    tns_sense_max:  -1.0000  tns_sense_avg:  -1.0000   tns_sense_num: -1
 skipped
CDN_DP_region_0_0_c1 in alu_4bit: area: 284280450 ,dp = 2 mux = 2 sg = fast         worst_clk_period: -1.0000 
    wns: 0  norm_wns:  -1.0000 
    fail_endp: -1 
    tns:  0  tns_per_endp:  -1.0000   norm_tns_per_endp:  -1.0000 
    tns_sense_max:  -1.0000  tns_sense_avg:  -1.0000   tns_sense_num: -1
 is current best
CDN_DP_region_0_0_c2 in alu_4bit: area: 284280450 ,dp = 2 mux = 2 sg = very_slow    worst_clk_period: -1.0000 
    wns: 0  norm_wns:  -1.0000 
    fail_endp: -1 
    tns:  0  tns_per_endp:  -1.0000   norm_tns_per_endp:  -1.0000 
    tns_sense_max:  -1.0000  tns_sense_avg:  -1.0000   tns_sense_num: -1
 is current best
CDN_DP_region_0_0_c3 in alu_4bit: area: 284280450 ,dp = 2 mux = 2 sg = very_fast    worst_clk_period: -1.0000 
    wns: 0  norm_wns:  -1.0000 
    fail_endp: -1 
    tns:  0  tns_per_endp:  -1.0000   norm_tns_per_endp:  -1.0000 
    tns_sense_max:  -1.0000  tns_sense_avg:  -1.0000   tns_sense_num: -1
 is current best
CDN_DP_region_0_0_c4 in alu_4bit: area: 284280450 ,dp = 2 mux = 2 sg = very_fast    worst_clk_period: -1.0000 
    wns: 0  norm_wns:  -1.0000 
    fail_endp: -1 
    tns:  0  tns_per_endp:  -1.0000   norm_tns_per_endp:  -1.0000 
    tns_sense_max:  -1.0000  tns_sense_avg:  -1.0000   tns_sense_num: -1
 is current best
CDN_DP_region_0_0_c5 in alu_4bit: area: 284280450 ,dp = 2 mux = 2 sg = very_fast    worst_clk_period: -1.0000 
    wns: 0  norm_wns:  -1.0000 
    fail_endp: -1 
    tns:  0  tns_per_endp:  -1.0000   norm_tns_per_endp:  -1.0000 
    tns_sense_max:  -1.0000  tns_sense_avg:  -1.0000   tns_sense_num: -1
 is current best
CDN_DP_region_0_0_c6 in alu_4bit: area: 284280450 ,dp = 2 mux = 2 sg = very_fast    worst_clk_period: -1.0000 
    wns: 0  norm_wns:  -1.0000 
    fail_endp: -1 
    tns:  0  tns_per_endp:  -1.0000   norm_tns_per_endp:  -1.0000 
    tns_sense_max:  -1.0000  tns_sense_avg:  -1.0000   tns_sense_num: -1
 is current best
CDN_DP_region_0_0_c7 in alu_4bit: area: 297626950 ,dp = 2 mux = 2 sg = very_fast    worst_clk_period: -1.0000 
    wns: 0  norm_wns:  -1.0000 
    fail_endp: -1 
    tns:  0  tns_per_endp:  -1.0000   norm_tns_per_endp:  -1.0000 
    tns_sense_max:  -1.0000  tns_sense_avg:  -1.0000   tns_sense_num: -1

Best config: CDN_DP_region_0_0_c6 in alu_4bit: area: 284280450 ,dp = 2 mux = 2 sg = very_fast    worst_clk_period: -1.0000 
    wns: 0  norm_wns:  -1.0000 
    fail_endp: -1 
    tns:  0  tns_per_endp:  -1.0000   norm_tns_per_endp:  -1.0000 
    tns_sense_max:  -1.0000  tns_sense_avg:  -1.0000   tns_sense_num: -1
  Smallest config area : 284280450.  Fastest config wns;  0
##>+----------------------------------------------------------------------------------------------------------------------------------------------------------------+
##>Summary table of configs (Best config is CDN_DP_region_0_0_c6)
##>+----------------------------------------------------------------------------------------------------------------------------------------------------------------+
##>                     0                  1                  2                  3                  4                  5                  6                  7            
##>+----------------------------------------------------------------------------------------------------------------------------------------------------------------+
##>           Area        324319950          284280450          284280450          284280450          284280450          284280450          284280450          297626950  
##>            WNS         +9033.20           +8774.70           +8774.70           +8774.70           +8774.70           +8774.70           +8774.70           +8774.70  
##>            TNS                0                  0                  0                  0                  0                  0                  0                  0  
##>    Num Rewrite                0                  0                  0                  0                  0                  0                  0                  0  
##>     Num Factor                0                  0                  0                  0                  0                  0                  0                  0  
##>      Num Share                0                  1                  1                  1                  1                  1                  1                  1  
##>   Num CmultCse                0                  0                  0                  0                  0                  0                  0                  0  
##>   Num Downsize                0                  0                  0                  0                  0                  0                  0                  0  
##>  Num Speculate                0                  0                  0                  0                  0                  0                  0                  0  
##>     Runtime(s)                0                  0                  0                  0                  0                  0                  0                  0  
+----------------------------------------------------------------------------------------------------------------------------------------------------------------+
##>
##>
##>+------------------------------------------------------------------------------------------------------------------------------------------------------------+
##>Optimization Step DEBUG Table for config CDN_DP_region_0_0_c6
##>
##>                          Step                        Area   ( % Chg)        WNS (Change)        TNS (Change)          Runtime (s)        Comment                   
##>+------------------------------------------------------------------------------------------------------------------------------------------------------------+
##>createMaxCarrySave              START              324319950 (      )    107383215.60 (        )             0 (        )              
##> datapath_rewrite_one_def       START              324319950 ( +0.00)    107383215.60 (   +0.00)             0 (       0)              
##>  fast_cse_elim                 START              324319950 ( +0.00)    107383215.60 (   +0.00)             0 (       0)              
##>                                  END              324319950 ( +0.00)    107383215.60 (   +0.00)             0 (       0)           0  
##>  fast_cse_elim                 START              324319950 ( +0.00)    107383215.60 (   +0.00)             0 (       0)              
##>                                  END              324319950 ( +0.00)    107383215.60 (   +0.00)             0 (       0)           0  
##>                                  END              324319950 ( +0.00)    107383215.60 (   +0.00)             0 (       0)           0  
##> dpopt_share_one_def            START              324319950 ( +0.00)    107383215.60 (   +0.00)             0 (       0)              
##>                                  END              284280450 (-12.35)    107382957.10 ( -258.50)             0 (       0)           0  
##> csa_opto                       START              284280450 ( +0.00)    214748364.70 (+107365407.60)             0 (       0)              
##>                                  END              284280450 ( +0.00)    214748364.70 (   +0.00)             0 (       0)           0  
##>                                  END              284280450 (-12.35)    214748364.70 (+107365149.10)             0 (       0)           0  
##>canonicalize_by_names           START              284280450 ( +0.00)    214748364.70 (   +0.00)             0 (       0)              
##>                                  END              284280450 ( +0.00)    214748364.70 (   +0.00)             0 (       0)           0  
##>datapath_rewrite_post_csa_one_  START              284280450 ( +0.00)    214748364.70 (   +0.00)             0 (       0)              
##>                                  END              284280450 ( +0.00)    214748364.70 (   +0.00)             0 (       0)           0  
##>datapath_csa_factoring_one_gde  START              284280450 ( +0.00)    214748364.70 (   +0.00)             0 (       0)              
##>                                  END              284280450 ( +0.00)    214748364.70 (   +0.00)             0 (       0)           0  
##>dpopt_share_one_def             START              284280450 ( +0.00)    214748364.70 (   +0.00)             0 (       0)              
##>                                  END              284280450 ( +0.00)    214748364.70 (   +0.00)             0 (       0)           0  
##>datapath_rewrite_post_share     START              284280450 ( +0.00)    214748364.70 (   +0.00)             0 (       0)              
##>                                  END              284280450 ( +0.00)    214748364.70 (   +0.00)             0 (       0)           0  
##>dp_combine_const_mult_with_com  START              284280450 ( +0.00)    214748364.70 (   +0.00)             0 (       0)              
##>                                  END              284280450 ( +0.00)    214748364.70 (   +0.00)             0 (       0)           0  
##>speculate_in_gdef               START              284280450 ( +0.00)    214748364.70 (   +0.00)             0 (       0)              
##> pre_speculate_mux_merge        START              284280450 ( +0.00)    214748364.70 (   +0.00)             0 (       0)              
##>                                  END              284280450 ( +0.00)    214748364.70 (   +0.00)             0 (       0)           0  
##>                                  END              284280450 ( +0.00)    214748364.70 (   +0.00)             0 (       0)           0  
##>dp_operator_level_decompositio  START              284280450 ( +0.00)    214748364.70 (   +0.00)             0 (       0)              
##>                                  END              284280450 ( +0.00)    214748364.70 (   +0.00)             0 (       0)           0  
##>selective_flatten_dp_config     START              284280450 ( +0.00)    214748364.70 (   +0.00)             0 (       0)              
##>                                  END              284280450 ( +0.00)    214748364.70 (   +0.00)             0 (       0)           0  
##>createMaxCarrySave              START              284280450 ( +0.00)    214748364.70 (   +0.00)             0 (       0)              
##> datapath_rewrite_one_def       START              284280450 ( +0.00)    214748364.70 (   +0.00)             0 (       0)              
##>  fast_cse_elim                 START              284280450 ( +0.00)    214748364.70 (   +0.00)             0 (       0)              
##>                                  END              284280450 ( +0.00)    214748364.70 (   +0.00)             0 (       0)           0  
##>  fast_cse_elim                 START              284280450 ( +0.00)    214748364.70 (   +0.00)             0 (       0)              
##>                                  END              284280450 ( +0.00)    214748364.70 (   +0.00)             0 (       0)           0  
##>                                  END              284280450 ( +0.00)    214748364.70 (   +0.00)             0 (       0)           0  
##> dpopt_share_one_def            START              284280450 ( +0.00)    214748364.70 (   +0.00)             0 (       0)              
##>                                  END              284280450 ( +0.00)    214748364.70 (   +0.00)             0 (       0)           0  
##> csa_opto                       START              284280450 ( +0.00)    214748364.70 (   +0.00)             0 (       0)              
##>                                  END              284280450 ( +0.00)    214748364.70 (   +0.00)             0 (       0)           0  
##>                                  END              284280450 ( +0.00)    214748364.70 (   +0.00)             0 (       0)           0  
##>context_based_simplify          START              284280450 ( +0.00)    214748364.70 (   +0.00)             0 (       0)              
##>                                  END              284280450 ( +0.00)    214748364.70 (   +0.00)             0 (       0)           0  
##>group_csa_final_adder_dp        START              284280450 ( +0.00)    214748364.70 (   +0.00)             0 (       0)              
##>                                  END              284280450 ( +0.00)    214748364.70 (   +0.00)             0 (       0)           0  
##>dpopt_flatten_critical_muxes_i  START              284280450 ( +0.00)    214748364.70 (   +0.00)             0 (       0)              
##>                                  END              284280450 ( +0.00)    214748364.70 (   +0.00)             0 (       0)           0  
##>speculate_in_gdef               START              284280450 ( +0.00)    214748364.70 (   +0.00)             0 (       0)              
##> pre_speculate_mux_merge        START              284280450 ( +0.00)    214748364.70 (   +0.00)             0 (       0)              
##>                                  END              284280450 ( +0.00)    214748364.70 (   +0.00)             0 (       0)           0  
##>                                  END              284280450 ( +0.00)    214748364.70 (   +0.00)             0 (       0)           0  
##>create_score                    START              284280450 ( +0.00)     8774.70 (-214739590.00)             0 (       0)              
##>                                  END              284280450 ( +0.00)     8774.70 (   +0.00)             0 (       0)           0  
##>+------------------------------------------------------------------------------------------------------------------------------------------------------------+
Committed config: CDN_DP_region_0_0_c6
Info    : Done implementing datapath configurations. [DPOPT-4]
        : Selected 'very_fast' configuration 6 for module 'CDN_DP_region_0_0'.
          Optimizations applied to 'very_fast' configuration:
            rewriting(0), factoring(0), sharing(1), cmultcse(0), downsizing(0), speculation(0)
Info    : Done optimizing datapath logic. [DPOPT-2]
        : Done optimizing datapath logic in 'alu_4bit'.
Number of big hc bmuxes after = 0
Starting logic reduction [v1.0] (stage: post_rtlopt, startdef: alu_4bit, recur: true)
Completed logic reduction (accepts: 0, rejects: 0, runtime: 0.000s)
Starting mux data reorder optimization [v1.0] (stage: post_rtlopt, startdef: alu_4bit, recur: true)
Completed mux data reorder optimization (accepts: 0, rejects: 0, runtime: 0.000s)

Stage: post_rtlopt
----------------------------------------------------------
| Transform           | Accepts | Rejects | Runtime (ms) | 
----------------------------------------------------------
| hlo_logic_reduction |       0 |       0 |         0.00 | 
| hlo_mux_reorder     |       0 |       0 |         0.00 | 
----------------------------------------------------------
Starting mux speculation [v1.0] (stage: post_muxopt, startdef: alu_4bit, recur: true)
Starting speculation optimization
Completed speculation optimization (accepts:0)
Completed mux speculation (accepts: 0, rejects: 0, runtime: 0.001s)

Stage: post_muxopt
------------------------------------------------------
| Transform       | Accepts | Rejects | Runtime (ms) | 
------------------------------------------------------
| hlo_speculation |       0 |       0 |         1.00 | 
------------------------------------------------------
==================================
Stage : to_generic 
==================================
  =================
   Message Summary
  =================
------------------------------------------
| 0 ... |  Sev   |Count |    Message Text     |
------------------------------------------
| CDFG-472 |Warning |    1 |Unreachable          |
|  |        |      | statements for case |
|  |        |      | item.               |
| CWD-19 |Info    |   19 |An implementation    |
|  |        |      | was inferred.       |
| DPOPT-1 |Info    |    1 |Optimizing datapath  |
|  |        |      | logic.              |
| DPOPT-2 |Info    |    1 |Done optimizing      |
|  |        |      | datapath logic.     |
| DPOPT-3 |Info    |    1 |Implementing         |
|  |        |      | datapath            |
|  |        |      | configurations.     |
| DPOPT-4 |Info    |    1 |Done implementing    |
|  |        |      | datapath            |
|  |        |      | configurations.     |
| DPOPT-6 |Info    |    1 |Pre-processed        |
|  |        |      | datapath logic.     |
| ELAB-1 |Info    |    1 |Elaborating Design.  |
| ELAB-3 |Info    |    1 |Done Elaborating     |
|  |        |      | Design.             |
| LBR-3 |Info    |    1 |Appending library.   |
|  |        |      |Appending libraries  |
|  |        |      | will overwrite some |
|  |        |      | of the              |
|  |        |      | characteristics of  |
|  |        |      | the library.        |
| LBR-9 |Warning |   20 |Library cell has no  |
|  |        |      | output pins         |
|  |        |      | defined.            |
|  |        |      |Add the missing      |
|  |        |      | output pin(s)       |
|  |        |      | , then reload the   |
|  |        |      | library. Else the   |
|  |        |      | library cell will   |
|  |        |      | be marked as timing |
|  |        |      | model i.e.          |
|  |        |      | unusable.           |
|  |        |      | Timing_model means  |
|  |        |      | that the cell does  |
|  |        |      | not have any        |
|  |        |      | defined function.   |
|  |        |      | If there is no      |
|  |        |      | output pin, Genus   |
|  |        |      | will mark library   |
|  |        |      | cell as unusable    |
|  |        |      | i.e. the attribute  |
|  |        |      | 'usable' will be    |
|  |        |      | marked to 'false'   |
|  |        |      | on the libcell.     |
|  |        |      | Therefore, the cell |
|  |        |      | is not used for     |
|  |        |      | mapping and it will |
|  |        |      | not be picked up    |
|  |        |      | from the library    |
|  |        |      | for synthesis. If   |
|  |        |      | you query the       |
|  |        |      | attribute           |
|  |        |      | 'unusable_reason'   |
|  |        |      | on the libcell;     |
|  |        |      | result will be:     |
|  |        |      | 'Library cell has   |
|  |        |      | no output           |
|  |        |      | pins.'Note: The     |
|  |        |      | message LBR-9 is    |
|  |        |      | only for the        |
|  |        |      | logical pins and    |
|  |        |      | not for the         |
|  |        |      | power_ground pins.  |
|  |        |      | Genus will depend   |
|  |        |      | upon the output     |
|  |        |      | function defined in |
|  |        |      | the pin group       |
|  |        |      | (output pin)        |
|  |        |      | of the cell, to use |
|  |        |      | it for mapping. The |
|  |        |      | pg_pin will not     |
|  |        |      | have any function   |
|  |        |      | defined.            |
| LBR-41 |Info    |    1 |An output library    |
|  |        |      | pin lacks a         |
|  |        |      | function attribute. |
|  |        |      |If the remainder of  |
|  |        |      | this library cell's |
|  |        |      | semantic checks are |
|  |        |      | successful, it will |
|  |        |      | be considered as a  |
|  |        |      | timing-model        |
|  |        |      | (because one of its |
|  |        |      | outputs does not    |
|  |        |      | have a valid        |
|  |        |      | function.           |
| LBR-155 |Info    |  264 |Mismatch in          |
|  |        |      | unateness between   |
|  |        |      | 'timing_sense'      |
|  |        |      | attribute and the   |
|  |        |      | function.           |
|  |        |      |The 'timing_sense'   |
|  |        |      | attribute will be   |
|  |        |      | respected.          |
| LBR-161 |Info    |    1 |Setting the maximum  |
|  |        |      | print count of this |
|  |        |      | message to 10 if    |
|  |        |      | information_level   |
|  |        |      | is less than 9.     |
| LBR-162 |Info    |  124 |Both 'pos_unate' and |
|  |        |      | 'neg_unate'         |
|  |        |      | timing_sense arcs   |
|  |        |      | have been           |
|  |        |      | processed.          |
|  |        |      |Setting the          |
|  |        |      | 'timing_sense' to   |
|  |        |      | non_unate.          |
| LBR-412 |Info    |    1 |Created nominal      |
|  |        |      | operating           |
|  |        |      | condition.          |
|  |        |      |The nominal          |
|  |        |      | operating condition |
|  |        |      | is represented,     |
|  |        |      | either by the       |
|  |        |      | nominal PVT values  |
|  |        |      | specified in the    |
|  |        |      | library source      |
|  |        |      | (via nom_process,no |
|  |        |      | m_voltage and       |
|  |        |      | nom_temperature     |
|  |        |      | respectively)       |
|  |        |      | , or by the default |
|  |        |      | PVT values          |
|  |        |      | (1.0,1.0,1.0).      |
| LBR-518 |Info    |   49 |Missing a function   |
|  |        |      | attribute in the    |
|  |        |      | output pin          |
|  |        |      | definition.         |
| PHYS-752 |Info    |    1 |Partition Based      |
|  |        |      | Synthesis execution |
|  |        |      | skipped.            |
| RTLOPT-30 |Info    |    7 |Accepted resource    |
|  |        |      | sharing             |
|  |        |      | opportunity.        |
| SDC-201 |Warning |    1 |Unsupported SDC      |
|  |        |      | command option.     |
|  |        |      |The current version  |
|  |        |      | does not support    |
|  |        |      | this SDC command    |
|  |        |      | option.  However,   |
|  |        |      | future versions may |
|  |        |      | be enhanced to      |
|  |        |      | support this        |
|  |        |      | option.             |
| SYNTH-1 |Info    |    1 |Synthesizing.        |
| TIM-1000 |Info    |    1 |Multimode clock      |
|  |        |      | gating check is     |
|  |        |      | disabled.           |
------------------------------------------
Mapper: Libraries have:
	domain _default_: 324 combo usable cells and 128 sequential usable cells
Multi-threaded constant propagation [1|0] ...
Multi-threaded Virtual Mapping    (4 threads, 4 of 20 CPUs usable)
==================================
Stage : first_condense 
==================================
  =================
   Message Summary
  =================
-------------------------------------------
|  Id  |Sev  |Count |    Message Text     |
-------------------------------------------
| GB-6 |Info |    1 |A datapath component |
|      |     |      | has been ungrouped. |
-------------------------------------------
 
Global mapping target info
==========================
Cost Group 'clk' target slack:   216 ps
Target path end-point (Port: alu_4bit/zero_flag)


State Retention Synthesis Status
================================

Category                        Flops   Percentage
--------------------------------------------------
Total instances                    17        100.0
Excluded from State Retention      17        100.0
    - Will not convert             17        100.0
      - Preserved                   0          0.0
      - Power intent excluded      17        100.0
    - Could not convert             0          0.0
      - Scan type                   0          0.0
      - No suitable cell            0          0.0
State Retention instances           0          0.0
--------------------------------------------------

PBS_Generic_Opt-Post - Elapsed_Time 1, CPU_Time 0.9867520000000001
stamp 'PBS_Generic_Opt-Post' being created for table 'pbs_debug'

  Total Time (Wall) |  Stage Time (Wall)  |   % (Wall)   |    Date - Time     |  Memory   | Stage
--------------------+---------------------+--------------+--------------------+-----------+----------------------
 00:00:05(00:01:17) |  00:00:00(00:00:00) |   0.0(  0.0) |   11:43:28 (Sep29) |  355.5 MB | PBS_Generic-Start
--------------------+---------------------+--------------+--------------------+-----------+----------------------
 00:00:05(00:01:18) |  00:00:00(00:00:01) | 100.0(100.0) |   11:43:29 (Sep29) |  753.1 MB | PBS_Generic_Opt-Post
--------------------+---------------------+--------------+--------------------+-----------+----------------------
Number of threads: 4 * 1   (id: pbs_debug, time_info v1.57)
Info: (*N*) indicates data that was populated from previously saved time_info database
Info: CPU time includes time of parent + longest thread
PBS_Generic-Postgen HBO Optimizations - Elapsed_Time 0, CPU_Time 0.0
stamp 'PBS_Generic-Postgen HBO Optimizations' being created for table 'pbs_debug'

  Total Time (Wall) |  Stage Time (Wall)  |   % (Wall)   |    Date - Time     |  Memory   | Stage
--------------------+---------------------+--------------+--------------------+-----------+----------------------
 00:00:05(00:01:17) |  00:00:00(00:00:00) |   0.0(  0.0) |   11:43:28 (Sep29) |  355.5 MB | PBS_Generic-Start
--------------------+---------------------+--------------+--------------------+-----------+----------------------
 00:00:05(00:01:18) |  00:00:00(00:00:01) | 100.0(100.0) |   11:43:29 (Sep29) |  753.1 MB | PBS_Generic_Opt-Post
--------------------+---------------------+--------------+--------------------+-----------+----------------------
 00:00:05(00:01:18) |  00:00:00(00:00:00) |   0.0(  0.0) |   11:43:29 (Sep29) |  753.1 MB | PBS_Generic-Postgen HBO Optimizations
--------------------+---------------------+--------------+--------------------+-----------+----------------------
Number of threads: 4 * 1   (id: pbs_debug, time_info v1.57)
Info: (*N*) indicates data that was populated from previously saved time_info database
Info: CPU time includes time of parent + longest thread
##>=================== Cadence Confidential (Generic-Logical) ===================
##>=================== Cadence Confidential (Generic-Logical) ===================
##>Main Thread Summary:
##>----------------------------------------------------------------------------------------
##>STEP                           Elapsed       WNS       TNS     Insts      Area    Memory
##>----------------------------------------------------------------------------------------
##>G:Initial                            0         -         -       102       453       355
##>G:Setup                              0         -         -         -         -         -
##>G:Launch ST                          0         -         -         -         -         -
##>G:Design Partition                   0         -         -         -         -         -
##>G:Create Partition Netlists          0         -         -         -         -         -
##>G:Init Power                         0         -         -         -         -         -
##>G:Budgeting                          0         -         -         -         -         -
##>G:Derenv-DB                          0         -         -         -         -         -
##>G:Debug Outputs                      0         -         -         -         -         -
##>G:ST loading                         0         -         -         -         -         -
##>G:Distributed                        0         -         -         -         -         -
##>G:Timer                              0         -         -         -         -         -
##>G:Assembly                           0         -         -         -         -         -
##>G:DFT                                0         -         -         -         -         -
##>G:Const Prop                         0         -         -       136       475       753
##>G:Misc                               1
##>----------------------------------------------------------------------------------------
##>Total Elapsed                        1
##>========================================================================================
Info    : Done synthesizing. [SYNTH-2]
        : Done synthesizing 'alu_4bit' to generic gates.
      flow.cputime  flow.realtime  timing.setup.tns  timing.setup.wns  snapshot
UM:*                                                                   syn_gen
@file(synth.tcl) 56: syn_map
##Generic Timing Info for library domain: _default_ typical gate delay: 71.2 ps std_slew: 11.9 ps std_load: 1.0 fF
Info    : Mapping. [SYNTH-4]
        : Mapping 'alu_4bit' using 'high' effort.
Mapper: Libraries have:
	domain _default_: 324 combo usable cells and 128 sequential usable cells
Configuring mapper costing (none)
TNS Restructuring config: no_value at stage: map applied.
PBS_TechMap-Start - Elapsed_Time 0, CPU_Time 0.0
stamp 'PBS_TechMap-Start' being created for table 'pbs_debug'

  Total Time (Wall) |  Stage Time (Wall)  |   % (Wall)   |    Date - Time     |  Memory   | Stage
--------------------+---------------------+--------------+--------------------+-----------+----------------------
 00:00:05(00:01:17) |  00:00:00(00:00:00) |   0.0(  0.0) |   11:43:28 (Sep29) |  355.5 MB | PBS_Generic-Start
--------------------+---------------------+--------------+--------------------+-----------+----------------------
 00:00:05(00:01:18) |  00:00:00(00:00:01) | 100.0(100.0) |   11:43:29 (Sep29) |  753.1 MB | PBS_Generic_Opt-Post
--------------------+---------------------+--------------+--------------------+-----------+----------------------
 00:00:05(00:01:18) |  00:00:00(00:00:00) |   0.0(  0.0) |   11:43:29 (Sep29) |  753.1 MB | PBS_Generic-Postgen HBO Optimizations
--------------------+---------------------+--------------+--------------------+-----------+----------------------
 00:00:05(00:01:18) |  00:00:00(00:00:00) |   0.0(  0.0) |   11:43:29 (Sep29) |  753.1 MB | PBS_TechMap-Start
--------------------+---------------------+--------------+--------------------+-----------+----------------------
Number of threads: 4 * 1   (id: pbs_debug, time_info v1.57)
Info: (*N*) indicates data that was populated from previously saved time_info database
Info: CPU time includes time of parent + longest thread
PBS_TechMap-Premap HBO Optimizations - Elapsed_Time 0, CPU_Time 0.0
stamp 'PBS_TechMap-Premap HBO Optimizations' being created for table 'pbs_debug'

  Total Time (Wall) |  Stage Time (Wall)  |   % (Wall)   |    Date - Time     |  Memory   | Stage
--------------------+---------------------+--------------+--------------------+-----------+----------------------
 00:00:05(00:01:17) |  00:00:00(00:00:00) |   0.0(  0.0) |   11:43:28 (Sep29) |  355.5 MB | PBS_Generic-Start
--------------------+---------------------+--------------+--------------------+-----------+----------------------
 00:00:05(00:01:18) |  00:00:00(00:00:01) | 100.0(100.0) |   11:43:29 (Sep29) |  753.1 MB | PBS_Generic_Opt-Post
--------------------+---------------------+--------------+--------------------+-----------+----------------------
 00:00:05(00:01:18) |  00:00:00(00:00:00) |   0.0(  0.0) |   11:43:29 (Sep29) |  753.1 MB | PBS_Generic-Postgen HBO Optimizations
--------------------+---------------------+--------------+--------------------+-----------+----------------------
 00:00:05(00:01:18) |  00:00:00(00:00:00) |   0.0(  0.0) |   11:43:29 (Sep29) |  753.1 MB | PBS_TechMap-Start
--------------------+---------------------+--------------+--------------------+-----------+----------------------
 00:00:05(00:01:18) |  00:00:00(00:00:00) |   0.0(  0.0) |   11:43:29 (Sep29) |  753.1 MB | PBS_TechMap-Premap HBO Optimizations
--------------------+---------------------+--------------+--------------------+-----------+----------------------
Number of threads: 4 * 1   (id: pbs_debug, time_info v1.57)
Info: (*N*) indicates data that was populated from previously saved time_info database
Info: CPU time includes time of parent + longest thread
Info    : Partition Based Synthesis execution skipped. [PHYS-752]
        : Design size is less than the partition size '100000' for distributed mapping optimization to kick in.
Mapper: Libraries have:
	domain _default_: 324 combo usable cells and 128 sequential usable cells
Multi-threaded Virtual Mapping    (4 threads, 4 of 20 CPUs usable)
 
Global mapping target info
==========================
Cost Group 'clk' target slack:   216 ps
Target path end-point (Port: alu_4bit/zero_flag)

Multi-threaded Virtual Mapping    (4 threads, 4 of 20 CPUs usable)
Multi-threaded Technology Mapping (4 threads, 4 of 20 CPUs usable)
 
Global mapping status
=====================
                                   Group   
                                  Tot Wrst 
                           Total  Weighted 
Operation                   Area   Slacks  
 global_map                  222        0 

    Cost Group            Target    Slack    Diff.  Constr.
-----------------------------------------------------------
           clk               216     7031             10000 

 
Global incremental target info
==============================
Cost Group 'clk' target slack:   144 ps
Target path end-point (Port: alu_4bit/zero_flag)

==================================
Stage : global_incr_map 
==================================
  =================
   Message Summary
  =================
------------------------------------------
| Id  |Sev  |Count |    Message Text     |
------------------------------------------
| PHY |Info |    1 |Partition Based      |
|  S- |     |      | Synthesis execution |
|  75 |     |      | skipped.            |
|  2  |     |      |                     |
| SYN |Info |    1 |Done synthesizing.   |
|  TH |     |      |                     |
|  -2 |     |      |                     |
| SYN |Info |    1 |Mapping.             |
|  TH |     |      |                     |
|  -4 |     |      |                     |
------------------------------------------
 
Global incremental optimization status
======================================
                                   Group   
                                  Tot Wrst 
                           Total  Weighted 
Operation                   Area   Slacks  
 global_incr                 220        0 

    Cost Group            Target    Slack    Diff.  Constr.
-----------------------------------------------------------
           clk               144     7031             10000 


State Retention Synthesis Status
================================

Category                        Flops   Percentage
--------------------------------------------------
Total instances                    17        100.0
Excluded from State Retention      17        100.0
    - Will not convert             17        100.0
      - Preserved                   0          0.0
      - Power intent excluded      17        100.0
    - Could not convert             0          0.0
      - Scan type                   0          0.0
      - No suitable cell            0          0.0
State Retention instances           0          0.0
--------------------------------------------------

INFO: skipping constant propagation
PBS_Techmap-Global Mapping - Elapsed_Time 0, CPU_Time -0.04081500000000027
stamp 'PBS_Techmap-Global Mapping' being created for table 'pbs_debug'

  Total Time (Wall) |  Stage Time (Wall)  |   % (Wall)   |    Date - Time     |  Memory   | Stage
--------------------+---------------------+--------------+--------------------+-----------+----------------------
 00:00:05(00:01:17) |  00:00:00(00:00:00) |   0.0(  0.0) |   11:43:28 (Sep29) |  355.5 MB | PBS_Generic-Start
--------------------+---------------------+--------------+--------------------+-----------+----------------------
 00:00:05(00:01:18) |  00:00:00(00:00:01) | 104.3(100.0) |   11:43:29 (Sep29) |  753.1 MB | PBS_Generic_Opt-Post
--------------------+---------------------+--------------+--------------------+-----------+----------------------
 00:00:05(00:01:18) |  00:00:00(00:00:00) |   0.0(  0.0) |   11:43:29 (Sep29) |  753.1 MB | PBS_Generic-Postgen HBO Optimizations
--------------------+---------------------+--------------+--------------------+-----------+----------------------
 00:00:05(00:01:18) |  00:00:00(00:00:00) |   0.0(  0.0) |   11:43:29 (Sep29) |  753.1 MB | PBS_TechMap-Start
--------------------+---------------------+--------------+--------------------+-----------+----------------------
 00:00:05(00:01:18) |  00:00:00(00:00:00) |   0.0(  0.0) |   11:43:29 (Sep29) |  753.1 MB | PBS_TechMap-Premap HBO Optimizations
--------------------+---------------------+--------------+--------------------+-----------+----------------------
 00:00:05(00:01:18) |  00:00:00(00:00:00) |  -4.3(  0.0) |   11:43:29 (Sep29) |  753.1 MB | PBS_Techmap-Global Mapping
--------------------+---------------------+--------------+--------------------+-----------+----------------------
Number of threads: 4 * 1   (id: pbs_debug, time_info v1.57)
Info: (*N*) indicates data that was populated from previously saved time_info database
Info: CPU time includes time of parent + longest thread
Warning : Command 'commit_power_intent' cannot proceed as there is no power intent loaded. [CPI-506]
        : Command 'commit_power_intent' requires a valid power_intent to be loaded.
Info    : Wrote formal verification information. [CFM-5]
        : Wrote 'fv/alu_4bit/fv_map.fv.json' for netlist 'fv/alu_4bit/fv_map.v.gz'.
Info    : Wrote dofile. [CFM-1]
        : Dofile is 'fv/alu_4bit/rtl_to_fv_map.do'.
        : Alias mapping flow is enabled.
PBS_TechMap-Datapath Postmap Operations - Elapsed_Time 1, CPU_Time 1.0
stamp 'PBS_TechMap-Datapath Postmap Operations' being created for table 'pbs_debug'

  Total Time (Wall) |  Stage Time (Wall)  |   % (Wall)   |    Date - Time     |  Memory   | Stage
--------------------+---------------------+--------------+--------------------+-----------+----------------------
 00:00:05(00:01:17) |  00:00:00(00:00:00) |   0.0(  0.0) |   11:43:28 (Sep29) |  355.5 MB | PBS_Generic-Start
--------------------+---------------------+--------------+--------------------+-----------+----------------------
 00:00:05(00:01:18) |  00:00:00(00:00:01) |  50.7( 50.0) |   11:43:29 (Sep29) |  753.1 MB | PBS_Generic_Opt-Post
--------------------+---------------------+--------------+--------------------+-----------+----------------------
 00:00:05(00:01:18) |  00:00:00(00:00:00) |   0.0(  0.0) |   11:43:29 (Sep29) |  753.1 MB | PBS_Generic-Postgen HBO Optimizations
--------------------+---------------------+--------------+--------------------+-----------+----------------------
 00:00:05(00:01:18) |  00:00:00(00:00:00) |   0.0(  0.0) |   11:43:29 (Sep29) |  753.1 MB | PBS_TechMap-Start
--------------------+---------------------+--------------+--------------------+-----------+----------------------
 00:00:05(00:01:18) |  00:00:00(00:00:00) |   0.0(  0.0) |   11:43:29 (Sep29) |  753.1 MB | PBS_TechMap-Premap HBO Optimizations
--------------------+---------------------+--------------+--------------------+-----------+----------------------
 00:00:05(00:01:18) |  00:00:00(00:00:00) |  -2.1(  0.0) |   11:43:29 (Sep29) |  753.1 MB | PBS_Techmap-Global Mapping
--------------------+---------------------+--------------+--------------------+-----------+----------------------
 00:00:06(00:01:19) |  00:00:01(00:00:01) |  51.4( 50.0) |   11:43:30 (Sep29) |  753.1 MB | PBS_TechMap-Datapath Postmap Operations
--------------------+---------------------+--------------+--------------------+-----------+----------------------
Number of threads: 4 * 1   (id: pbs_debug, time_info v1.57)
Info: (*N*) indicates data that was populated from previously saved time_info database
Info: CPU time includes time of parent + longest thread
PBS_TechMap-Postmap HBO Optimizations - Elapsed_Time 0, CPU_Time 0.0
stamp 'PBS_TechMap-Postmap HBO Optimizations' being created for table 'pbs_debug'

  Total Time (Wall) |  Stage Time (Wall)  |   % (Wall)   |    Date - Time     |  Memory   | Stage
--------------------+---------------------+--------------+--------------------+-----------+----------------------
 00:00:05(00:01:17) |  00:00:00(00:00:00) |   0.0(  0.0) |   11:43:28 (Sep29) |  355.5 MB | PBS_Generic-Start
--------------------+---------------------+--------------+--------------------+-----------+----------------------
 00:00:05(00:01:18) |  00:00:00(00:00:01) |  50.7( 50.0) |   11:43:29 (Sep29) |  753.1 MB | PBS_Generic_Opt-Post
--------------------+---------------------+--------------+--------------------+-----------+----------------------
 00:00:05(00:01:18) |  00:00:00(00:00:00) |   0.0(  0.0) |   11:43:29 (Sep29) |  753.1 MB | PBS_Generic-Postgen HBO Optimizations
--------------------+---------------------+--------------+--------------------+-----------+----------------------
 00:00:05(00:01:18) |  00:00:00(00:00:00) |   0.0(  0.0) |   11:43:29 (Sep29) |  753.1 MB | PBS_TechMap-Start
--------------------+---------------------+--------------+--------------------+-----------+----------------------
 00:00:05(00:01:18) |  00:00:00(00:00:00) |   0.0(  0.0) |   11:43:29 (Sep29) |  753.1 MB | PBS_TechMap-Premap HBO Optimizations
--------------------+---------------------+--------------+--------------------+-----------+----------------------
 00:00:05(00:01:18) |  00:00:00(00:00:00) |  -2.1(  0.0) |   11:43:29 (Sep29) |  753.1 MB | PBS_Techmap-Global Mapping
--------------------+---------------------+--------------+--------------------+-----------+----------------------
 00:00:06(00:01:19) |  00:00:01(00:00:01) |  51.4( 50.0) |   11:43:30 (Sep29) |  753.1 MB | PBS_TechMap-Datapath Postmap Operations
--------------------+---------------------+--------------+--------------------+-----------+----------------------
 00:00:06(00:01:19) |  00:00:00(00:00:00) |   0.0(  0.0) |   11:43:30 (Sep29) |  753.1 MB | PBS_TechMap-Postmap HBO Optimizations
--------------------+---------------------+--------------+--------------------+-----------+----------------------
Number of threads: 4 * 1   (id: pbs_debug, time_info v1.57)
Info: (*N*) indicates data that was populated from previously saved time_info database
Info: CPU time includes time of parent + longest thread
 Doing ConstProp on design:alu_4bit ... 

Time taken by ConstProp Step: 00:00:00
PBS_TechMap-Postmap Clock Gating - Elapsed_Time 0, CPU_Time 0.0
stamp 'PBS_TechMap-Postmap Clock Gating' being created for table 'pbs_debug'

  Total Time (Wall) |  Stage Time (Wall)  |   % (Wall)   |    Date - Time     |  Memory   | Stage
--------------------+---------------------+--------------+--------------------+-----------+----------------------
 00:00:05(00:01:17) |  00:00:00(00:00:00) |   0.0(  0.0) |   11:43:28 (Sep29) |  355.5 MB | PBS_Generic-Start
--------------------+---------------------+--------------+--------------------+-----------+----------------------
 00:00:05(00:01:18) |  00:00:00(00:00:01) |  50.7( 50.0) |   11:43:29 (Sep29) |  753.1 MB | PBS_Generic_Opt-Post
--------------------+---------------------+--------------+--------------------+-----------+----------------------
 00:00:05(00:01:18) |  00:00:00(00:00:00) |   0.0(  0.0) |   11:43:29 (Sep29) |  753.1 MB | PBS_Generic-Postgen HBO Optimizations
--------------------+---------------------+--------------+--------------------+-----------+----------------------
 00:00:05(00:01:18) |  00:00:00(00:00:00) |   0.0(  0.0) |   11:43:29 (Sep29) |  753.1 MB | PBS_TechMap-Start
--------------------+---------------------+--------------+--------------------+-----------+----------------------
 00:00:05(00:01:18) |  00:00:00(00:00:00) |   0.0(  0.0) |   11:43:29 (Sep29) |  753.1 MB | PBS_TechMap-Premap HBO Optimizations
--------------------+---------------------+--------------+--------------------+-----------+----------------------
 00:00:05(00:01:18) |  00:00:00(00:00:00) |  -2.1(  0.0) |   11:43:29 (Sep29) |  753.1 MB | PBS_Techmap-Global Mapping
--------------------+---------------------+--------------+--------------------+-----------+----------------------
 00:00:06(00:01:19) |  00:00:01(00:00:01) |  51.4( 50.0) |   11:43:30 (Sep29) |  753.1 MB | PBS_TechMap-Datapath Postmap Operations
--------------------+---------------------+--------------+--------------------+-----------+----------------------
 00:00:06(00:01:19) |  00:00:00(00:00:00) |   0.0(  0.0) |   11:43:30 (Sep29) |  753.1 MB | PBS_TechMap-Postmap HBO Optimizations
--------------------+---------------------+--------------+--------------------+-----------+----------------------
 00:00:06(00:01:19) |  00:00:00(00:00:00) |   0.0(  0.0) |   11:43:30 (Sep29) |  753.1 MB | PBS_TechMap-Postmap Clock Gating
--------------------+---------------------+--------------+--------------------+-----------+----------------------
Number of threads: 4 * 1   (id: pbs_debug, time_info v1.57)
Info: (*N*) indicates data that was populated from previously saved time_info database
Info: CPU time includes time of parent + longest thread
-------------------------------------------------------------------------------
 hi_fo_buf                   220        0         0         0        0        0

           Trick     Calls     Accepts   Attempts    Time(secs) 
-----------------------------------------------------------
       hi_fo_buf         0  (        0 /        0 )  0.00

 
Incremental optimization status
===============================
                                   Group   
                                  Tot Wrst     Total - - - - DRC Totals - - - -
                           Total  Weighted      Neg      Max       Max     Max  
Operation                   Area   Slacks      Slack    Trans      Cap   Fanout 
 init_delay                  220        0         0         0        0        0

           Trick     Calls     Accepts   Attempts    Time(secs) 
-----------------------------------------------------------
       crit_upsz         0  (        0 /        0 )  0.00
    plc_bal_star         0  (        0 /        0 )  0.00
     drc_buftimb         0  (        0 /        0 )  0.00
          plc_st         0  (        0 /        0 )  0.00
    plc_st_fence         0  (        0 /        0 )  0.00
        plc_star         0  (        0 /        0 )  0.00
      plc_laf_st         0  (        0 /        0 )  0.00
 plc_laf_st_fence         0  (        0 /        0 )  0.00
     drc_buftims         0  (        0 /        0 )  0.00
            fopt         0  (        0 /        0 )  0.00
   plc_laf_lo_st         0  (        0 /        0 )  0.00
       plc_lo_st         0  (        0 /        0 )  0.00
        mb_split         0  (        0 /        0 )  0.00

 
Local TNS optimization status
=============================
                                   Group   
                                  Tot Wrst     Total - - - - DRC Totals - - - -
                           Total  Weighted      Neg      Max       Max     Max  
Operation                   Area   Slacks      Slack    Trans      Cap   Fanout 
 init_tns                    220        0         0         0        0        0

           Trick     Calls     Accepts   Attempts    Time(secs) 
-----------------------------------------------------------
    plc_bal_star         0  (        0 /        0 )  0.00
     drc_buftimb         0  (        0 /        0 )  0.00
     drc_buftims         0  (        0 /        0 )  0.00
       crit_upsz         0  (        0 /        0 )  0.00
   plc_laf_lo_st         0  (        0 /        0 )  0.00
       plc_lo_st         0  (        0 /        0 )  0.00
            fopt         0  (        0 /        0 )  0.00
       crit_dnsz         0  (        0 /        0 )  0.00
             dup         0  (        0 /        0 )  0.00
        setup_dn         0  (        0 /        0 )  0.00
        mb_split         0  (        0 /        0 )  0.00

PBS_TechMap-Postmap Cleanup - Elapsed_Time 0, CPU_Time 0.0
stamp 'PBS_TechMap-Postmap Cleanup' being created for table 'pbs_debug'

  Total Time (Wall) |  Stage Time (Wall)  |   % (Wall)   |    Date - Time     |  Memory   | Stage
--------------------+---------------------+--------------+--------------------+-----------+----------------------
 00:00:05(00:01:17) |  00:00:00(00:00:00) |   0.0(  0.0) |   11:43:28 (Sep29) |  355.5 MB | PBS_Generic-Start
--------------------+---------------------+--------------+--------------------+-----------+----------------------
 00:00:05(00:01:18) |  00:00:00(00:00:01) |  50.7( 50.0) |   11:43:29 (Sep29) |  753.1 MB | PBS_Generic_Opt-Post
--------------------+---------------------+--------------+--------------------+-----------+----------------------
 00:00:05(00:01:18) |  00:00:00(00:00:00) |   0.0(  0.0) |   11:43:29 (Sep29) |  753.1 MB | PBS_Generic-Postgen HBO Optimizations
--------------------+---------------------+--------------+--------------------+-----------+----------------------
 00:00:05(00:01:18) |  00:00:00(00:00:00) |   0.0(  0.0) |   11:43:29 (Sep29) |  753.1 MB | PBS_TechMap-Start
--------------------+---------------------+--------------+--------------------+-----------+----------------------
 00:00:05(00:01:18) |  00:00:00(00:00:00) |   0.0(  0.0) |   11:43:29 (Sep29) |  753.1 MB | PBS_TechMap-Premap HBO Optimizations
--------------------+---------------------+--------------+--------------------+-----------+----------------------
 00:00:05(00:01:18) |  00:00:00(00:00:00) |  -2.1(  0.0) |   11:43:29 (Sep29) |  753.1 MB | PBS_Techmap-Global Mapping
--------------------+---------------------+--------------+--------------------+-----------+----------------------
 00:00:06(00:01:19) |  00:00:01(00:00:01) |  51.4( 50.0) |   11:43:30 (Sep29) |  753.1 MB | PBS_TechMap-Datapath Postmap Operations
--------------------+---------------------+--------------+--------------------+-----------+----------------------
 00:00:06(00:01:19) |  00:00:00(00:00:00) |   0.0(  0.0) |   11:43:30 (Sep29) |  753.1 MB | PBS_TechMap-Postmap HBO Optimizations
--------------------+---------------------+--------------+--------------------+-----------+----------------------
 00:00:06(00:01:19) |  00:00:00(00:00:00) |   0.0(  0.0) |   11:43:30 (Sep29) |  753.1 MB | PBS_TechMap-Postmap Clock Gating
--------------------+---------------------+--------------+--------------------+-----------+----------------------
 00:00:06(00:01:19) |  00:00:00(00:00:00) |   0.0(  0.0) |   11:43:30 (Sep29) |  753.1 MB | PBS_TechMap-Postmap Cleanup
--------------------+---------------------+--------------+--------------------+-----------+----------------------
Number of threads: 4 * 1   (id: pbs_debug, time_info v1.57)
Info: (*N*) indicates data that was populated from previously saved time_info database
Info: CPU time includes time of parent + longest thread
PBS_Techmap-Post_MBCI - Elapsed_Time 0, CPU_Time 0.0
stamp 'PBS_Techmap-Post_MBCI' being created for table 'pbs_debug'

  Total Time (Wall) |  Stage Time (Wall)  |   % (Wall)   |    Date - Time     |  Memory   | Stage
--------------------+---------------------+--------------+--------------------+-----------+----------------------
 00:00:05(00:01:17) |  00:00:00(00:00:00) |   0.0(  0.0) |   11:43:28 (Sep29) |  355.5 MB | PBS_Generic-Start
--------------------+---------------------+--------------+--------------------+-----------+----------------------
 00:00:05(00:01:18) |  00:00:00(00:00:01) |  50.7( 50.0) |   11:43:29 (Sep29) |  753.1 MB | PBS_Generic_Opt-Post
--------------------+---------------------+--------------+--------------------+-----------+----------------------
 00:00:05(00:01:18) |  00:00:00(00:00:00) |   0.0(  0.0) |   11:43:29 (Sep29) |  753.1 MB | PBS_Generic-Postgen HBO Optimizations
--------------------+---------------------+--------------+--------------------+-----------+----------------------
 00:00:05(00:01:18) |  00:00:00(00:00:00) |   0.0(  0.0) |   11:43:29 (Sep29) |  753.1 MB | PBS_TechMap-Start
--------------------+---------------------+--------------+--------------------+-----------+----------------------
 00:00:05(00:01:18) |  00:00:00(00:00:00) |   0.0(  0.0) |   11:43:29 (Sep29) |  753.1 MB | PBS_TechMap-Premap HBO Optimizations
--------------------+---------------------+--------------+--------------------+-----------+----------------------
 00:00:05(00:01:18) |  00:00:00(00:00:00) |  -2.1(  0.0) |   11:43:29 (Sep29) |  753.1 MB | PBS_Techmap-Global Mapping
--------------------+---------------------+--------------+--------------------+-----------+----------------------
 00:00:06(00:01:19) |  00:00:01(00:00:01) |  51.4( 50.0) |   11:43:30 (Sep29) |  753.1 MB | PBS_TechMap-Datapath Postmap Operations
--------------------+---------------------+--------------+--------------------+-----------+----------------------
 00:00:06(00:01:19) |  00:00:00(00:00:00) |   0.0(  0.0) |   11:43:30 (Sep29) |  753.1 MB | PBS_TechMap-Postmap HBO Optimizations
--------------------+---------------------+--------------+--------------------+-----------+----------------------
 00:00:06(00:01:19) |  00:00:00(00:00:00) |   0.0(  0.0) |   11:43:30 (Sep29) |  753.1 MB | PBS_TechMap-Postmap Clock Gating
--------------------+---------------------+--------------+--------------------+-----------+----------------------
 00:00:06(00:01:19) |  00:00:00(00:00:00) |   0.0(  0.0) |   11:43:30 (Sep29) |  753.1 MB | PBS_TechMap-Postmap Cleanup
--------------------+---------------------+--------------+--------------------+-----------+----------------------
 00:00:06(00:01:19) |  00:00:00(00:00:00) |   0.0(  0.0) |   11:43:30 (Sep29) |  753.1 MB | PBS_Techmap-Post_MBCI
--------------------+---------------------+--------------+--------------------+-----------+----------------------
Number of threads: 4 * 1   (id: pbs_debug, time_info v1.57)
Info: (*N*) indicates data that was populated from previously saved time_info database
Info: CPU time includes time of parent + longest thread
##>=================== Cadence Confidential (Mapping-Logical) ===================
##>Main Thread Summary:
##>----------------------------------------------------------------------------------------
##>STEP                           Elapsed       WNS       TNS     Insts      Area    Memory
##>----------------------------------------------------------------------------------------
##>M:Initial                            0         -         -       136       475       753
##>M:Pre Cleanup                        0         -         -       136       475       753
##>M:Setup                              0         -         -         -         -         -
##>M:Launch ST                          0         -         -         -         -         -
##>M:Design Partition                   0         -         -         -         -         -
##>M:Create Partition Netlists          0         -         -         -         -         -
##>M:Init Power                         0         -         -         -         -         -
##>M:Budgeting                          0         -         -         -         -         -
##>M:Derenv-DB                          0         -         -         -         -         -
##>M:Debug Outputs                      0         -         -         -         -         -
##>M:ST loading                         0         -         -         -         -         -
##>M:Distributed                        0         -         -         -         -         -
##>M:Timer                              0         -         -         -         -         -
##>M:Assembly                           0         -         -         -         -         -
##>M:DFT                                0         -         -         -         -         -
##>M:DP Operations                      1         -         -        74       220       753
##>M:Const Prop                         0      7031         0        74       220       753
##>M:Cleanup                            0      7031         0        74       220       753
##>M:MBCI                               0         -         -        74       220       753
##>M:Const Gate Removal                 0         -         -         -         -         -
##>M:Misc                               0
##>----------------------------------------------------------------------------------------
##>Total Elapsed                        1
##>========================================================================================
Info    : Done mapping. [SYNTH-5]
        : Done mapping 'alu_4bit'.
      flow.cputime  flow.realtime  timing.setup.tns  timing.setup.wns  snapshot
UM:*                                                                   syn_map
@file(synth.tcl) 57: syn_opt
Info    : Incrementally optimizing. [SYNTH-7]
        : Incrementally optimizing 'alu_4bit' using 'high' effort.
 
Incremental optimization status
===============================
                                   Group   
                                  Tot Wrst     Total - - - - DRC Totals - - - -
                           Total  Weighted      Neg      Max       Max     Max  
Operation                   Area   Slacks      Slack    Trans      Cap   Fanout 
 init_iopt                   220        0         0         0        0        0
-------------------------------------------------------------------------------
 const_prop                  220        0         0         0        0        0
-------------------------------------------------------------------------------
 hi_fo_buf                   220        0         0         0        0        0

           Trick     Calls     Accepts   Attempts    Time(secs) 
-----------------------------------------------------------
       hi_fo_buf         0  (        0 /        0 )  0.00

 
Incremental optimization status
===============================
                                   Group   
                                  Tot Wrst     Total - - - - DRC Totals - - - -
                           Total  Weighted      Neg      Max       Max     Max  
Operation                   Area   Slacks      Slack    Trans      Cap   Fanout 
 init_delay                  220        0         0         0        0        0

           Trick     Calls     Accepts   Attempts    Time(secs) 
-----------------------------------------------------------
        crit_msz         0  (        0 /        0 )  0.00
       crit_upsz         0  (        0 /        0 )  0.00
       crit_slew         0  (        0 /        0 )  0.00
        setup_dn         0  (        0 /        0 )  0.00
    plc_bal_star         0  (        0 /        0 )  0.00
     drc_buftimb         0  (        0 /        0 )  0.00
          plc_st         0  (        0 /        0 )  0.00
    plc_st_fence         0  (        0 /        0 )  0.00
        plc_star         0  (        0 /        0 )  0.00
      plc_laf_st         0  (        0 /        0 )  0.00
 plc_laf_st_fence         0  (        0 /        0 )  0.00
     drc_buftims         0  (        0 /        0 )  0.00
   plc_laf_lo_st         0  (        0 /        0 )  0.00
       plc_lo_st         0  (        0 /        0 )  0.00
            fopt         0  (        0 /        0 )  0.00
       crit_swap         0  (        0 /        0 )  0.00
       mux2_swap         0  (        0 /        0 )  0.00
       crit_dnsz         0  (        0 /        0 )  0.00
       load_swap         0  (        0 /        0 )  0.00
            fopt         0  (        0 /        0 )  0.00
        setup_dn         0  (        0 /        0 )  0.00
       load_isol         0  (        0 /        0 )  0.00
       load_isol         0  (        0 /        0 )  0.00
        move_for         0  (        0 /        0 )  0.00
        move_for         0  (        0 /        0 )  0.00
          rem_bi         0  (        0 /        0 )  0.00
         offload         0  (        0 /        0 )  0.00
          rem_bi         0  (        0 /        0 )  0.00
         offload         0  (        0 /        0 )  0.00
           phase         0  (        0 /        0 )  0.00
        in_phase         0  (        0 /        0 )  0.00
       merge_bit         0  (        0 /        0 )  0.00
     merge_idrvr         0  (        0 /        0 )  0.00
     merge_iload         0  (        0 /        0 )  0.00
    merge_idload         0  (        0 /        0 )  0.00
      merge_drvr         0  (        0 /        0 )  0.00
      merge_load         0  (        0 /        0 )  0.00
          decomp         0  (        0 /        0 )  0.00
        p_decomp         0  (        0 /        0 )  0.00
        levelize         0  (        0 /        0 )  0.00
        mb_split         0  (        0 /        0 )  0.00
             dup         0  (        0 /        0 )  0.00
      mux_retime         0  (        0 /        0 )  0.00
         buf2inv         0  (        0 /        0 )  0.00
             exp         0  (        0 /        0 )  0.00
       gate_deco         0  (        0 /        0 )  0.00
       gcomp_tim         0  (        0 /        0 )  0.00
  inv_pair_2_buf         0  (        0 /        0 )  0.00


           Trick     Calls     Accepts   Attempts    Time(secs) 
-----------------------------------------------------------
         crr_220         0  (        0 /        0 )  0.00
        crr_glob         0  (        0 /        0 )  0.00
         crr_200         0  (        0 /        0 )  0.00
        crr_glob         0  (        0 /        0 )  0.00
         crr_300         0  (        0 /        0 )  0.00
        crr_glob         0  (        0 /        0 )  0.00
         crr_400         0  (        0 /        0 )  0.00
        crr_glob         0  (        0 /        0 )  0.00
         crr_111         0  (        0 /        0 )  0.00
        crr_glob         0  (        0 /        0 )  0.00
         crr_210         0  (        0 /        0 )  0.00
        crr_glob         0  (        0 /        0 )  0.00
         crr_110         0  (        0 /        0 )  0.00
        crr_glob         0  (        0 /        0 )  0.00
         crr_101         0  (        0 /        0 )  0.00
        crr_glob         0  (        0 /        0 )  0.00
         crr_201         0  (        0 /        0 )  0.00
        crr_glob         0  (        0 /        0 )  0.00
         crr_211         0  (        0 /        0 )  0.00
        crr_glob         0  (        0 /        0 )  0.00
        crit_msz         0  (        0 /        0 )  0.00
       crit_upsz         0  (        0 /        0 )  0.00
       crit_slew         0  (        0 /        0 )  0.00
        setup_dn         0  (        0 /        0 )  0.00
    plc_bal_star         0  (        0 /        0 )  0.00
     drc_buftimb         0  (        0 /        0 )  0.00
          plc_st         0  (        0 /        0 )  0.00
    plc_st_fence         0  (        0 /        0 )  0.00
        plc_star         0  (        0 /        0 )  0.00
      plc_laf_st         0  (        0 /        0 )  0.00
 plc_laf_st_fence         0  (        0 /        0 )  0.00
     drc_buftims         0  (        0 /        0 )  0.00
       plc_lo_st         0  (        0 /        0 )  0.00
            fopt         0  (        0 /        0 )  0.00
       crit_swap         0  (        0 /        0 )  0.00
       mux2_swap         0  (        0 /        0 )  0.00
       crit_dnsz         0  (        0 /        0 )  0.00
       load_swap         0  (        0 /        0 )  0.00
            fopt         0  (        0 /        0 )  0.00
        setup_dn         0  (        0 /        0 )  0.00
       load_isol         0  (        0 /        0 )  0.00
       load_isol         0  (        0 /        0 )  0.00
        move_for         0  (        0 /        0 )  0.00
        move_for         0  (        0 /        0 )  0.00
          rem_bi         0  (        0 /        0 )  0.00
         offload         0  (        0 /        0 )  0.00
          rem_bi         0  (        0 /        0 )  0.00
         offload         0  (        0 /        0 )  0.00
       merge_bit         0  (        0 /        0 )  0.00
     merge_idrvr         0  (        0 /        0 )  0.00
     merge_iload         0  (        0 /        0 )  0.00
    merge_idload         0  (        0 /        0 )  0.00
      merge_drvr         0  (        0 /        0 )  0.00
      merge_load         0  (        0 /        0 )  0.00
           phase         0  (        0 /        0 )  0.00
          decomp         0  (        0 /        0 )  0.00
        p_decomp         0  (        0 /        0 )  0.00
        levelize         0  (        0 /        0 )  0.00
        mb_split         0  (        0 /        0 )  0.00
        in_phase         0  (        0 /        0 )  0.00
             dup         0  (        0 /        0 )  0.00
      mux_retime         0  (        0 /        0 )  0.00
         buf2inv         0  (        0 /        0 )  0.00
             exp         0  (        0 /        0 )  0.00
       gate_deco         0  (        0 /        0 )  0.00
       gcomp_tim         0  (        0 /        0 )  0.00
  inv_pair_2_buf         0  (        0 /        0 )  0.00
 init_drc                    220        0         0         0        0        0

           Trick     Calls     Accepts   Attempts    Time(secs) 
-----------------------------------------------------------
          plc_st         0  (        0 /        0 )  0.00
        plc_star         0  (        0 /        0 )  0.00
        drc_bufs         0  (        0 /        0 )  0.00
        drc_fopt         0  (        0 /        0 )  0.00
        drc_bufb         0  (        0 /        0 )  0.00
      simple_buf         0  (        0 /        0 )  0.00
             dup         0  (        0 /        0 )  0.00
       crit_dnsz         0  (        0 /        0 )  0.00
       crit_upsz         0  (        0 /        0 )  0.00
       crit_slew         0  (        0 /        0 )  0.00


           Trick     Calls     Accepts   Attempts    Time(secs) 
-----------------------------------------------------------
          plc_st         0  (        0 /        0 )  0.00
        plc_star         0  (        0 /        0 )  0.00
      drc_buf_sp         0  (        0 /        0 )  0.00
        drc_bufs         0  (        0 /        0 )  0.00
        drc_fopt         0  (        0 /        0 )  0.00
        drc_bufb         0  (        0 /        0 )  0.00
      simple_buf         0  (        0 /        0 )  0.00
             dup         0  (        0 /        0 )  0.00
       crit_dnsz         0  (        0 /        0 )  0.00
       crit_upsz         0  (        0 /        0 )  0.00


           Trick     Calls     Accepts   Attempts    Time(secs) 
-----------------------------------------------------------
          plc_st         0  (        0 /        0 )  0.00
        plc_star         0  (        0 /        0 )  0.00
      drc_buf_sp         0  (        0 /        0 )  0.00
        drc_bufs         0  (        0 /        0 )  0.00
        drc_fopt         0  (        0 /        0 )  0.00
        drc_bufb         0  (        0 /        0 )  0.00
             dup         0  (        0 /        0 )  0.00
       crit_dnsz         0  (        0 /        0 )  0.00
       crit_upsz         0  (        0 /        0 )  0.00

 init_tns                    220        0         0         0        0        0

           Trick     Calls     Accepts   Attempts    Time(secs) 
-----------------------------------------------------------
            fopt         0  (        0 /        0 )  0.00
    plc_bal_star         0  (        0 /        0 )  0.00
     drc_buftimb         0  (        0 /        0 )  0.00
     drc_buftims         0  (        0 /        0 )  0.00
        crit_msz         0  (        0 /        0 )  0.00
       crit_upsz         0  (        0 /        0 )  0.00
   plc_laf_lo_st         0  (        0 /        0 )  0.00
       plc_lo_st         0  (        0 /        0 )  0.00
       crit_swap         0  (        0 /        0 )  0.00
       mux2_swap         0  (        0 /        0 )  0.00
       crit_dnsz         0  (        0 /        0 )  0.00
       load_swap         0  (        0 /        0 )  0.00
            fopt         0  (        0 /        0 )  0.00
        setup_dn         0  (        0 /        0 )  0.00
       load_isol         0  (        0 /        0 )  0.00
       load_isol         0  (        0 /        0 )  0.00
        move_for         0  (        0 /        0 )  0.00
        move_for         0  (        0 /        0 )  0.00
          rem_bi         0  (        0 /        0 )  0.00
         offload         0  (        0 /        0 )  0.00
          rem_bi         0  (        0 /        0 )  0.00
         offload         0  (        0 /        0 )  0.00
       merge_bit         0  (        0 /        0 )  0.00
     merge_idrvr         0  (        0 /        0 )  0.00
     merge_iload         0  (        0 /        0 )  0.00
    merge_idload         0  (        0 /        0 )  0.00
      merge_drvr         0  (        0 /        0 )  0.00
      merge_load         0  (        0 /        0 )  0.00
           phase         0  (        0 /        0 )  0.00
          decomp         0  (        0 /        0 )  0.00
        p_decomp         0  (        0 /        0 )  0.00
        levelize         0  (        0 /        0 )  0.00
        mb_split         0  (        0 /        0 )  0.00
             dup         0  (        0 /        0 )  0.00
      mux_retime         0  (        0 /        0 )  0.00
       crr_local         0  (        0 /        0 )  0.00
         buf2inv         0  (        0 /        0 )  0.00

 init_area                   220        0         0         0        0        0
 rem_inv_qb                  220        0         0         0        0        0

           Trick     Calls     Accepts   Attempts    Time(secs) 
-----------------------------------------------------------
           undup         0  (        0 /        0 )  0.00
         rem_buf         0  (        0 /        0 )  0.00
         rem_inv         0  (        0 /        0 )  0.00
        merge_bi         0  (        0 /        0 )  0.00
      rem_inv_qb         7  (        1 /        1 )  0.01
    seq_res_area         3  (        0 /        0 )  0.04
        io_phase         0  (        0 /        0 )  0.00
       gate_comp         2  (        0 /        0 )  0.00
       gcomp_mog         0  (        0 /        0 )  0.00
       glob_area         9  (        0 /        9 )  0.00
       area_down         2  (        0 /        0 )  0.00
      size_n_buf         1  (        0 /        0 )  0.00
  gate_deco_area         0  (        0 /        0 )  0.00
         rem_buf         0  (        0 /        0 )  0.00
         rem_inv         0  (        0 /        0 )  0.00
        merge_bi         0  (        0 /        0 )  0.00
      rem_inv_qb         0  (        0 /        0 )  0.00

 
Incremental optimization status
===============================
                                   Group   
                                  Tot Wrst     Total - - - - DRC Totals - - - -
                           Total  Weighted      Neg      Max       Max     Max  
Operation                   Area   Slacks      Slack    Trans      Cap   Fanout 
 init_delay                  220        0         0         0        0        0

           Trick     Calls     Accepts   Attempts    Time(secs) 
-----------------------------------------------------------
         crr_220         0  (        0 /        0 )  0.00
        crr_glob         0  (        0 /        0 )  0.00
         crr_200         0  (        0 /        0 )  0.00
        crr_glob         0  (        0 /        0 )  0.00
         crr_300         0  (        0 /        0 )  0.00
        crr_glob         0  (        0 /        0 )  0.00
         crr_400         0  (        0 /        0 )  0.00
        crr_glob         0  (        0 /        0 )  0.00
         crr_111         0  (        0 /        0 )  0.00
        crr_glob         0  (        0 /        0 )  0.00
         crr_210         0  (        0 /        0 )  0.00
        crr_glob         0  (        0 /        0 )  0.00
         crr_110         0  (        0 /        0 )  0.00
        crr_glob         0  (        0 /        0 )  0.00
         crr_101         0  (        0 /        0 )  0.00
        crr_glob         0  (        0 /        0 )  0.00
         crr_201         0  (        0 /        0 )  0.00
        crr_glob         0  (        0 /        0 )  0.00
         crr_211         0  (        0 /        0 )  0.00
        crr_glob         0  (        0 /        0 )  0.00
        crit_msz         0  (        0 /        0 )  0.00
       crit_upsz         0  (        0 /        0 )  0.00
       crit_slew         0  (        0 /        0 )  0.00
        setup_dn         0  (        0 /        0 )  0.00
    plc_bal_star         0  (        0 /        0 )  0.00
     drc_buftimb         0  (        0 /        0 )  0.00
          plc_st         0  (        0 /        0 )  0.00
    plc_st_fence         0  (        0 /        0 )  0.00
        plc_star         0  (        0 /        0 )  0.00
      plc_laf_st         0  (        0 /        0 )  0.00
 plc_laf_st_fence         0  (        0 /        0 )  0.00
     drc_buftims         0  (        0 /        0 )  0.00
       plc_lo_st         0  (        0 /        0 )  0.00
            fopt         0  (        0 /        0 )  0.00
       crit_swap         0  (        0 /        0 )  0.00
       mux2_swap         0  (        0 /        0 )  0.00
       crit_dnsz         0  (        0 /        0 )  0.00
       load_swap         0  (        0 /        0 )  0.00
            fopt         0  (        0 /        0 )  0.00
        setup_dn         0  (        0 /        0 )  0.00
       load_isol         0  (        0 /        0 )  0.00
       load_isol         0  (        0 /        0 )  0.00
        move_for         0  (        0 /        0 )  0.00
        move_for         0  (        0 /        0 )  0.00
          rem_bi         0  (        0 /        0 )  0.00
         offload         0  (        0 /        0 )  0.00
          rem_bi         0  (        0 /        0 )  0.00
         offload         0  (        0 /        0 )  0.00
       merge_bit         0  (        0 /        0 )  0.00
     merge_idrvr         0  (        0 /        0 )  0.00
     merge_iload         0  (        0 /        0 )  0.00
    merge_idload         0  (        0 /        0 )  0.00
      merge_drvr         0  (        0 /        0 )  0.00
      merge_load         0  (        0 /        0 )  0.00
           phase         0  (        0 /        0 )  0.00
          decomp         0  (        0 /        0 )  0.00
        p_decomp         0  (        0 /        0 )  0.00
        levelize         0  (        0 /        0 )  0.00
        mb_split         0  (        0 /        0 )  0.00
        in_phase         0  (        0 /        0 )  0.00
             dup         0  (        0 /        0 )  0.00
      mux_retime         0  (        0 /        0 )  0.00
         buf2inv         0  (        0 /        0 )  0.00
             exp         0  (        0 /        0 )  0.00
       gate_deco         0  (        0 /        0 )  0.00
       gcomp_tim         0  (        0 /        0 )  0.00
  inv_pair_2_buf         0  (        0 /        0 )  0.00
 init_drc                    220        0         0         0        0        0

           Trick     Calls     Accepts   Attempts    Time(secs) 
-----------------------------------------------------------
          plc_st         0  (        0 /        0 )  0.00
        plc_star         0  (        0 /        0 )  0.00
        drc_bufs         0  (        0 /        0 )  0.00
        drc_fopt         0  (        0 /        0 )  0.00
        drc_bufb         0  (        0 /        0 )  0.00
      simple_buf         0  (        0 /        0 )  0.00
             dup         0  (        0 /        0 )  0.00
       crit_dnsz         0  (        0 /        0 )  0.00
       crit_upsz         0  (        0 /        0 )  0.00
       crit_slew         0  (        0 /        0 )  0.00


           Trick     Calls     Accepts   Attempts    Time(secs) 
-----------------------------------------------------------
          plc_st         0  (        0 /        0 )  0.00
        plc_star         0  (        0 /        0 )  0.00
        drc_bufs         0  (        0 /        0 )  0.00
        drc_fopt         0  (        0 /        0 )  0.00
        drc_bufb         0  (        0 /        0 )  0.00
      simple_buf         0  (        0 /        0 )  0.00
             dup         0  (        0 /        0 )  0.00
       crit_dnsz         0  (        0 /        0 )  0.00
       crit_upsz         0  (        0 /        0 )  0.00


           Trick     Calls     Accepts   Attempts    Time(secs) 
-----------------------------------------------------------
          plc_st         0  (        0 /        0 )  0.00
        plc_star         0  (        0 /        0 )  0.00
        drc_bufs         0  (        0 /        0 )  0.00
        drc_fopt         0  (        0 /        0 )  0.00
        drc_bufb         0  (        0 /        0 )  0.00
             dup         0  (        0 /        0 )  0.00
       crit_dnsz         0  (        0 /        0 )  0.00
       crit_upsz         0  (        0 /        0 )  0.00

 init_tns                    220        0         0         0        0        0

           Trick     Calls     Accepts   Attempts    Time(secs) 
-----------------------------------------------------------
            fopt         0  (        0 /        0 )  0.00
    plc_bal_star         0  (        0 /        0 )  0.00
     drc_buftimb         0  (        0 /        0 )  0.00
     drc_buftims         0  (        0 /        0 )  0.00
        crit_msz         0  (        0 /        0 )  0.00
       crit_upsz         0  (        0 /        0 )  0.00
   plc_laf_lo_st         0  (        0 /        0 )  0.00
       plc_lo_st         0  (        0 /        0 )  0.00
       crit_swap         0  (        0 /        0 )  0.00
       mux2_swap         0  (        0 /        0 )  0.00
       crit_dnsz         0  (        0 /        0 )  0.00
       load_swap         0  (        0 /        0 )  0.00
            fopt         0  (        0 /        0 )  0.00
        setup_dn         0  (        0 /        0 )  0.00
       load_isol         0  (        0 /        0 )  0.00
       load_isol         0  (        0 /        0 )  0.00
        move_for         0  (        0 /        0 )  0.00
        move_for         0  (        0 /        0 )  0.00
          rem_bi         0  (        0 /        0 )  0.00
         offload         0  (        0 /        0 )  0.00
          rem_bi         0  (        0 /        0 )  0.00
         offload         0  (        0 /        0 )  0.00
       merge_bit         0  (        0 /        0 )  0.00
     merge_idrvr         0  (        0 /        0 )  0.00
     merge_iload         0  (        0 /        0 )  0.00
    merge_idload         0  (        0 /        0 )  0.00
      merge_drvr         0  (        0 /        0 )  0.00
      merge_load         0  (        0 /        0 )  0.00
           phase         0  (        0 /        0 )  0.00
          decomp         0  (        0 /        0 )  0.00
        p_decomp         0  (        0 /        0 )  0.00
        levelize         0  (        0 /        0 )  0.00
        mb_split         0  (        0 /        0 )  0.00
             dup         0  (        0 /        0 )  0.00
      mux_retime         0  (        0 /        0 )  0.00
       crr_local         0  (        0 /        0 )  0.00
         buf2inv         0  (        0 /        0 )  0.00

 init_area                   220        0         0         0        0        0

           Trick     Calls     Accepts   Attempts    Time(secs) 
-----------------------------------------------------------
           undup         0  (        0 /        0 )  0.00
         rem_buf         0  (        0 /        0 )  0.00
         rem_inv         0  (        0 /        0 )  0.00
        merge_bi         0  (        0 /        0 )  0.00
      rem_inv_qb         0  (        0 /        0 )  0.00
        io_phase         0  (        0 /        0 )  0.00
       gate_comp         2  (        0 /        0 )  0.00
       gcomp_mog         0  (        0 /        0 )  0.00
       glob_area         9  (        0 /        9 )  0.00
       area_down         2  (        0 /        0 )  0.00
      size_n_buf         0  (        0 /        0 )  0.00
  gate_deco_area         0  (        0 /        0 )  0.00

 
Incremental optimization status
===============================
                                   Group   
                                  Tot Wrst     Total - - - - DRC Totals - - - -
                           Total  Weighted      Neg      Max       Max     Max  
Operation                   Area   Slacks      Slack    Trans      Cap   Fanout 
 init_delay                  220        0         0         0        0        0

           Trick     Calls     Accepts   Attempts    Time(secs) 
-----------------------------------------------------------
        crit_msz         0  (        0 /        0 )  0.00
       crit_upsz         0  (        0 /        0 )  0.00
       crit_slew         0  (        0 /        0 )  0.00
        setup_dn         0  (        0 /        0 )  0.00
    plc_bal_star         0  (        0 /        0 )  0.00
     drc_buftimb         0  (        0 /        0 )  0.00
          plc_st         0  (        0 /        0 )  0.00
    plc_st_fence         0  (        0 /        0 )  0.00
        plc_star         0  (        0 /        0 )  0.00
      plc_laf_st         0  (        0 /        0 )  0.00
 plc_laf_st_fence         0  (        0 /        0 )  0.00
     drc_buftims         0  (        0 /        0 )  0.00
   plc_laf_lo_st         0  (        0 /        0 )  0.00
       plc_lo_st         0  (        0 /        0 )  0.00
            fopt         0  (        0 /        0 )  0.00
       crit_swap         0  (        0 /        0 )  0.00
       mux2_swap         0  (        0 /        0 )  0.00
       crit_dnsz         0  (        0 /        0 )  0.00
       load_swap         0  (        0 /        0 )  0.00
            fopt         0  (        0 /        0 )  0.00
        setup_dn         0  (        0 /        0 )  0.00
       load_isol         0  (        0 /        0 )  0.00
       load_isol         0  (        0 /        0 )  0.00
        move_for         0  (        0 /        0 )  0.00
        move_for         0  (        0 /        0 )  0.00
          rem_bi         0  (        0 /        0 )  0.00
         offload         0  (        0 /        0 )  0.00
          rem_bi         0  (        0 /        0 )  0.00
         offload         0  (        0 /        0 )  0.00
           phase         0  (        0 /        0 )  0.00
        in_phase         0  (        0 /        0 )  0.00
       merge_bit         0  (        0 /        0 )  0.00
     merge_idrvr         0  (        0 /        0 )  0.00
     merge_iload         0  (        0 /        0 )  0.00
    merge_idload         0  (        0 /        0 )  0.00
      merge_drvr         0  (        0 /        0 )  0.00
      merge_load         0  (        0 /        0 )  0.00
          decomp         0  (        0 /        0 )  0.00
        p_decomp         0  (        0 /        0 )  0.00
        levelize         0  (        0 /        0 )  0.00
        mb_split         0  (        0 /        0 )  0.00
             dup         0  (        0 /        0 )  0.00
      mux_retime         0  (        0 /        0 )  0.00
         buf2inv         0  (        0 /        0 )  0.00
             exp         0  (        0 /        0 )  0.00
       gate_deco         0  (        0 /        0 )  0.00
       gcomp_tim         0  (        0 /        0 )  0.00
  inv_pair_2_buf         0  (        0 /        0 )  0.00

 init_drc                    220        0         0         0        0        0

           Trick     Calls     Accepts   Attempts    Time(secs) 
-----------------------------------------------------------
          plc_st         0  (        0 /        0 )  0.00
        plc_star         0  (        0 /        0 )  0.00
        drc_bufs         0  (        0 /        0 )  0.00
        drc_fopt         0  (        0 /        0 )  0.00
        drc_bufb         0  (        0 /        0 )  0.00
      simple_buf         0  (        0 /        0 )  0.00
             dup         0  (        0 /        0 )  0.00
       crit_dnsz         0  (        0 /        0 )  0.00
       crit_upsz         0  (        0 /        0 )  0.00
       crit_slew         0  (        0 /        0 )  0.00


           Trick     Calls     Accepts   Attempts    Time(secs) 
-----------------------------------------------------------
          plc_st         0  (        0 /        0 )  0.00
        plc_star         0  (        0 /        0 )  0.00
        drc_bufs         0  (        0 /        0 )  0.00
        drc_fopt         0  (        0 /        0 )  0.00
        drc_bufb         0  (        0 /        0 )  0.00
      simple_buf         0  (        0 /        0 )  0.00
             dup         0  (        0 /        0 )  0.00
       crit_dnsz         0  (        0 /        0 )  0.00
       crit_upsz         0  (        0 /        0 )  0.00


           Trick     Calls     Accepts   Attempts    Time(secs) 
-----------------------------------------------------------
          plc_st         0  (        0 /        0 )  0.00
        plc_star         0  (        0 /        0 )  0.00
        drc_bufs         0  (        0 /        0 )  0.00
        drc_fopt         0  (        0 /        0 )  0.00
        drc_bufb         0  (        0 /        0 )  0.00
             dup         0  (        0 /        0 )  0.00
       crit_dnsz         0  (        0 /        0 )  0.00
       crit_upsz         0  (        0 /        0 )  0.00

==================================
Stage : incr_opt 
==================================
  =================
   Message Summary
  =================
-------------------------------------------
|   Id    |  Sev   |Count | Message Text  |
-------------------------------------------
| CFM-1   |Info    |    1 |Wrote dofile.  |
| CFM-5   |Info    |    1 |Wrote formal   |
|         |        |      | verification  |
|         |        |      | information.  |
| CPI-506 |Warning |    1 |Command        |
|         |        |      | 'commit_power |
|         |        |      | _intent'      |
|         |        |      | cannot        |
|         |        |      | proceed as    |
|         |        |      | there is no   |
|         |        |      | power intent  |
|         |        |      | loaded.       |
| PA-7    |Info    |    4 |Resetting      |
|         |        |      | power         |
|         |        |      | analysis      |
|         |        |      | results.      |
|         |        |      |All computed   |
|         |        |      | switching     |
|         |        |      | activities    |
|         |        |      | are removed.  |
| SYNTH-5 |Info    |    1 |Done mapping.  |
| SYNTH-7 |Info    |    1 |Incrementally  |
|         |        |      | optimizing.   |
-------------------------------------------
Info    : Done incrementally optimizing. [SYNTH-8]
        : Done incrementally optimizing 'alu_4bit'.
      flow.cputime  flow.realtime  timing.setup.tns  timing.setup.wns  snapshot
UM:*                                                                   syn_opt
@file(synth.tcl) 62: report_timing > ${REPORT_DIR}/${DESIGN_NAME}_timing.rpt
@file(synth.tcl) 63: report_area   > ${REPORT_DIR}/${DESIGN_NAME}_area.rpt
@file(synth.tcl) 64: report_gates  > ${REPORT_DIR}/${DESIGN_NAME}_gates.rpt
@file(synth.tcl) 65: report_power  > ${REPORT_DIR}/${DESIGN_NAME}_power.rpt
Info    : Joules engine is used. [RPT-16]
        : Joules engine is being used for the command report_power.
Info   : ACTP-0001 [ACTPInfo] Activity propagation started for stim#0 netlist
       : alu_4bit
Info   : ACTP-0009 [ACTPInfo] Activity Propagation Progress Report :   0%   1%   2%   3%   4%   5%   6%   7%   8%   9%  10%  11%  12%  13%  14%  15%  16%  17%  18%  19%  20%  21%  22%  23%  24%  25%  26%  27%  28%  29%  30%  31%  32%  33%  34%  35%  36%  37%  38%  39%  40%  41%  42%  43%  44%  45%  46%  47%  48%  49%  50%  51%  52%  53%  54%  55%  56%  57%  58%  59%  60%  61%  62%  63%  64%  65%  66%  67%  68%  69%  70%  71%  72%  73%  74%  75%  76%  77%  78%  79%  80%  81%  82%  83%  84%  85%  86%  87%  88%  89%  90%  91%  92%  93%  94%  95%  96%  97%  98%  99% 100%
Info   : ACTP-0001 Activity propagation ended for stim#0
Info   : PWRA-0001 [PwrInfo] compute_power effective options 
       : -mode : vectorless
       : -skip_propagation : 1
       : -frequency_scaling_factor : 1.0
       : -use_clock_freq : stim
       : -stim :/stim#0
       : -fromGenus : 1
Info   : ACTP-0001 Timing initialization started
Info   : ACTP-0001 Timing initialization ended
Info   : PWRA-0002 [PwrInfo] Skipping activity propagation due to -skip_ap
       : option....
Warning: PWRA-0302 [PwrWarn] Frequency scaling is not applicable for vectorless
       : flow. Ignoring frequency scaling.
Warning: PWRA-0304 [PwrWarn] -stim option is not applicable with vectorless mode
       : of power analysis, ignored this option.
Info   : PWRA-0002 Started 'vectorless' power computation.
Info   : PWRA-0002 Finished power computation.
Info   : PWRA-0007 [PwrInfo] Completed successfully.
       : Info=6, Warn=2, Error=0, Fatal=0
Output file: /home/user26/shanmugavel/wrk/alu_4bit/synth/reports/alu_4bit_power.rpt
@file(synth.tcl) 66: report_qor    > ${REPORT_DIR}/${DESIGN_NAME}_qor.rpt
@file(synth.tcl) 71: write_hdl > ${OUTPUT_DIR}/${DESIGN_NAME}_synth.v
@file(synth.tcl) 72: write_sdc > ${OUTPUT_DIR}/${DESIGN_NAME}_synth.sdc
Finished SDC export (command execution time mm:ss (real) = 00:00).
@file(synth.tcl) 75: file copy -force ${OUTPUT_DIR}/${DESIGN_NAME}_synth.v ${PRJ_ROOT}/physical/
@file(synth.tcl) 76: file copy -force ${OUTPUT_DIR}/${DESIGN_NAME}_synth.sdc ${PRJ_ROOT}/physical/
@file(synth.tcl) 78: puts "=========================================================="
==========================================================
@file(synth.tcl) 79: puts " Genus synthesis completed successfully for ${DESIGN_NAME} "
 Genus synthesis completed successfully for alu_4bit 
@file(synth.tcl) 80: puts " Outputs placed in: ${OUTPUT_DIR} and ${PRJ_ROOT}/physical "
 Outputs placed in: /home/user26/shanmugavel/wrk/alu_4bit/synth/outputs and /home/user26/shanmugavel/wrk/alu_4bit/physical 
@file(synth.tcl) 81: puts "=========================================================="
==========================================================
#@ End verbose source ./synth.tcl
@genus:root: 2> report_timing
============================================================
  Generated by:           Genus(TM) Synthesis Solution 21.14-s082_1
  Generated on:           Sep 29 2026  11:44:29 am
  Module:                 alu_4bit
  Operating conditions:   PVT_1P08V_125C (balanced_tree)
  Wireload mode:          enclosed
  Area mode:              timing library
============================================================


Path 1: MET (7031 ps) Late External Delay Assertion at pin zero_flag
          Group: clk
     Startpoint: (R) zero_flag_reg/CK
          Clock: (R) clk
       Endpoint: (R) zero_flag
          Clock: (R) clk

                     Capture       Launch     
        Clock Edge:+   10000            0     
       Src Latency:+       0            0     
       Net Latency:+       0 (I)        0 (I) 
           Arrival:=   10000            0     
                                              
      Output Delay:-    2500                  
       Uncertainty:-     200                  
     Required Time:=    7300                  
      Launch Clock:-       0                  
         Data Path:-     269                  
             Slack:=    7031                  

Exceptions/Constraints:
  output_delay             2500            alu.sdc_line_33_25_1 

#-----------------------------------------------------------------------------------------
#  Timing Point    Flags   Arc   Edge   Cell     Fanout Load Trans Delay Arrival Instance 
#                                                       (fF)  (ps)  (ps)   (ps)  Location 
#-----------------------------------------------------------------------------------------
  zero_flag_reg/CK -       -     R     (arrival)     17    -   100     0       0    (-,-) 
  zero_flag_reg/Q  -       CK->Q R     DFFRHQX4       1 50.0   173   269     269    (-,-) 
  zero_flag        <<<     -     R     (port)         -    -     -     0     269    (-,-) 
#-----------------------------------------------------------------------------------------

@genus:root: 3> gui
ambiguous command name "gui": gui_clear_pv gui_clear_sv gui_configure_pi_schematic gui_hide gui_highlight_hier_instances_pv gui_highlight_pv gui_highlight_sv gui_legend gui_open_schematic gui_pv_airline_add gui_pv_airline_delete gui_pv_airline_display gui_pv_airline_raw_add gui_pv_connectivity_airlines gui_pv_display_collection gui_pv_draw_net gui_pv_selection gui_pv_steiner gui_raise gui_redo_pv gui_redraw_pv gui_reset gui_select_highlighted_pv gui_selection gui_show gui_snapshot_pv gui_snapshot_sv gui_sv_get_instance gui_sv_load gui_undo_pv gui_update gui_zoom_fit_pv gui_zoom_fit_sv gui_zoom_pv

[11:57:04.010754] periodic Lic check successful
[11:57:04.010754] Feature usage summary:
[11:57:04.010755]   Genus_Synthesis

Another Ctrl-C within 1 second will terminate the tool.
CURRENT RESOURCES: RT {elapsed: 950s, ST: 16s, FG: 16s, CPU: 2.6%}, MEM {curr: 1.5G, peak: 1.5G, phys curr: 0.7G, phys peak: 0.7G}, SYS {load: 0.6, cpu: 20, total: 30.5G, free: 5.3G}
